,Unnamed: 0,brand_specs,product_name,category_specs,sale_price_min_inr_specs,mrp_inr_specs,discount_percent_specs,num_variants_specs,base_product,edition_type,model_series,published_year,published_month,color_count,driver_size_mm,product_id,ocr_playback_per_charge_hours,ocr_bluetooth,ocr_anc_db,ocr_has_anc,ocr_has_enc,ocr_water_resistance,playtime_hours,ip_rating,latency_ms,has_fast_charge,connectivity_type,gaming_mode,rating,battery_capacity_mah,IP
0,0,boAt,"boAt Airdopes 131 Captain America Marvel Edition | Wireless Earbuds with 13mm Audio Drivers, IWP Technology, Type C Charging, Voice Assistant On Single Press",True Wireless Earbuds,1599.0,2990.0,46.5,1.0,131-captain-america,Franchise,Airdopes,2021.0,12.0,1.0,13.0,6631148617826.0,3.0,5.0,,False,False,,60.0,IPX4,,True,,False,4.9,650.0,
1,1,boAt,"boAt Rockerz 450 Black Panther Marvel Edition | Bluetooth Headphones with 40mm Audio Drivers, 15H Playback, Voice Assistant, Dual Connectivity",Headphones,1799.0,3990.0,54.9,1.0,450-black-panther,Franchise,Rockerz,2021.0,12.0,1.0,40.0,6632402813026.0,15.0,4.2,,False,False,,15.0,,,False,Dual,False,4.9,300.0,
2,2,boAt,"boAt Rockerz 450 Captain America Marvel Edition | Bluetooth Headphones with 40mm Audio Drivers, 15H Playback, Voice Assistant, Dual Connectivity",Headphones,1799.0,3990.0,54.9,1.0,450-captain-america,Franchise,Rockerz,2021.0,12.0,1.0,40.0,6632403140706.0,15.0,4.2,,False,False,,15.0,,,False,Dual,False,4.7,300.0,
3,3,boAt,"boAt Airdopes 100 | TWS Wireless Earbuds with 50 Hours Playback Time, Quad Microphone, IWP™ technology",True Wireless Earbuds,1099.0,3490.0,68.5,3.0,airdopes-100-wireless-earbuds,Standard,Airdopes,2022.0,11.0,3.0,10.0,6812126052450.0,7.0,5.3,,False,True,IPX4,50.0,IPX4,50.0,True,,True,4.7,320.0,
4,4,boAt,"boAt Airdopes 101 | In-Ear Earbuds with 13mm drivers, Music Up To 15 Hours, Type-C Interface, One Touch Voice Assistant",True Wireless Earbuds,1199.0,2990.0,59.9,2.0,airdopes-101-made-in-india,Standard,Airdopes,2021.0,7.0,2.0,13.0,6574089338978.0,3.0,5.0,,False,False,,15.0,IPX4,,False,,False,4.9,650.0,
5,5,boAt,"boAt Airdopes 101v2 | Wireless Earbuds with 35 Hours Playback, BEAST™ Mode & ENx™ Tech",True Wireless Earbuds,899.0,3990.0,75.0,3.0,airdopes-101v2-wireless-earbuds,Standard,Airdopes,2025.0,7.0,3.0,13.0,7384208932962.0,7.0,5.3,,False,True,,35.0,IPX4,500.0,True,,True,3.9,300.0,IPX4
6,6,boAt,"boAt Airdopes 111v2 | Wireless Earbuds with 50H Playback, Bluetooth v5.4, IWP™ Technology, 13mm Drivers",True Wireless Earbuds,1899.0,4990.0,61.9,2.0,airdopes-111v2-wireless-earbuds,Standard,Airdopes,2024.0,12.0,2.0,13.0,7278075347042.0,10.0,5.4,,False,False,,50.0,IPX4,50.0,True,,False,4.8,400.0,
7,7,boAt,"boAt Airdopes 115 | Earbuds with 13mm drivers, BEAST™ Mode for Gamers, ENx™ Technology",True Wireless Earbuds,1899.0,2990.0,36.5,4.0,airdopes-115-wireless-bluetooth-earbuds,Standard,Airdopes,2022.0,4.0,4.0,13.0,6699646156898.0,24.0,5.2,,False,True,IPX4,24.0,IPX4,50.0,True,,True,4.9,300.0,
8,8,boAt,"boAt Airdopes 120 | Wireless Earbuds with 40 Hours Playback, BEAST™ Mode, ASAP™ Charge, IWP™ Tech",True Wireless Earbuds,1299.0,4990.0,68.0,3.0,airdopes-120-wireless-earbuds,Standard,Airdopes,2024.0,5.0,3.0,,7119491891298.0,8.0,5.3,,False,True,,40.0,IPX4,65.0,True,,True,4.5,400.0,
9,9,boAt,"boAt Airdopes 121 Pro Plus | Wireless Earbuds with 100 Hours Playback, 4 Mics with ENx™ Technology, BEAST™ Mode",True Wireless Earbuds,1499.0,4990.0,63.9,2.0,airdopes-121-pro-plus-earbuds,Standard,Airdopes,2024.0,6.0,2.0,,7171078881378.0,8.0,5.3,,False,True,,100.0,IPX5,50.0,True,,True,4.3,400.0,
10,10,boAt,"boAt Airdopes 121 v2 | In-Ear Earbuds v2 with 8mm driver, LED Case Battery Indicator, 380mAh Pocket Friendly Charging Case",True Wireless Earbuds,1099.0,2999.0,63.4,3.0,airdopes-121-v2,Standard,Airdopes,2020.0,11.0,3.0,8.0,4517297586274.0,5.0,5.0,,False,False,,14.0,IPX4,,False,,False,4.8,380.0,
11,11,boAt,"boAt Airdopes 121v2 Plus | Wireless Earbuds with 50 Hours Playback, BEAST™ Mode, ENx™ Technology, IPX4 Resistance",True Wireless Earbuds,1599.0,4990.0,68.0,3.0,airdopes-121v2-plus-earbuds,Standard,Airdopes,2023.0,12.0,3.0,,6942110384226.0,10.0,5.3,,False,True,IPX4,50.0,IPX4,50.0,True,,True,4.8,350.0,
12,12,boAt,"boAt Airdopes 125 | Wireless Earbuds with 50 Hours Playback, BEAST™ Mode, Bluetooth v5.3, ENx™ Technology",True Wireless Earbuds,699.0,4490.0,77.8,3.0,airdopes-125-wireless-earbuds,Standard,Airdopes,2023.0,6.0,3.0,13.0,6874026999906.0,10.0,5.3,,False,True,IPX5,50.0,IPX5,50.0,True,,True,4.9,320.0,
13,13,boAt,"boAt Airdopes 131 | Wireless Earbuds with upto 60 Hours Playback, 13mm Drivers, IWP Technology, 650mAh Charging Case",True Wireless Earbuds,999.0,2990.0,66.6,14.0,airdopes-131,Standard,Airdopes,2020.0,8.0,14.0,13.0,4460669370466.0,3.0,5.0,,False,False,,60.0,IPX4,,False,,False,4.8,650.0,IPX4
14,14,boAt,"boAt Airdopes 131 Batman DC Edition | Wireless Earbuds with 13 mm Drivers, Bluetooth v5.0, 650mAh pocket friendly Charging Case",True Wireless Earbuds,1099.0,2990.0,63.2,1.0,airdopes-131-batman-dc-edition,Franchise,Airdopes,2022.0,6.0,1.0,13.0,6723126165602.0,3.0,5.0,,False,False,,12.0,IPX4,,False,,False,4.9,650.0,
15,15,boAt,"Airdopes 131 DC Edition | 13 mm Drivers, Type-C Carry Case, 12 hours Nonstop Music",True Wireless Earbuds,1099.0,2990.0,63.2,3.0,airdopes-131-dc-edition-earbuds-online,Franchise,Airdopes,2022.0,6.0,3.0,13.0,6723078717538.0,3.0,5.0,,False,False,,12.0,IPX4,,False,,False,5.0,650.0,
16,16,boAt,"boAt Airdopes 131 Elite ANC | Wireless Earbuds with ANC up to 32dB, Transparency Mode, 60 Hours Playback, ENx™ Technology",True Wireless Earbuds,1399.0,6990.0,78.6,4.0,airdopes-131-elite-anc-earbuds,Standard,Airdopes,2024.0,6.0,4.0,,7173222039650.0,10.0,5.3,32.0,True,True,,60.0,IPX5,65.0,True,,False,4.6,400.0,IPX5
17,17,boAt,"boAt Airdopes 131 Gen 2 | True Wireless Earbuds with 70 Hours Playback, ENx™ Tech & BEAST™ Mode",True Wireless Earbuds,899.0,2990.0,63.2,3.0,airdopes-131-gen-2-true-wireless-earbuds,Standard,Airdopes,2025.0,8.0,3.0,,7402532765794.0,7.0,5.4,,False,True,,70.0,IPX4,45.0,True,,True,4.5,650.0,IPX4
18,18,boAt,boAt Airdopes 131 KKR Edition,True Wireless Earbuds,1099.0,2990.0,63.2,1.0,airdopes-131-kkr-edition,Sports,Airdopes,2021.0,4.0,1.0,13.0,6548885274722.0,3.0,5.0,,False,False,IPX7,3.0,IPX7,,False,,False,5.0,650.0,
19,19,boAt,"boAt Airdopes 131 Pro Buds | Wireless Earbuds with 40 Hours Playback, ENx™ Tech, BT v5.3, BEAST™ Mode, ASAP™ Charge",True Wireless Earbuds,999.0,5490.0,76.3,3.0,airdopes-131-pro-buds,Standard,Airdopes,2024.0,9.0,3.0,10.0,7236331176034.0,6.0,5.3,,False,True,,40.0,IPX4,65.0,True,,True,4.2,400.0,
20,20,boAt,"boAt Airdopes 131 RCB Edition | Wireless Earbuds with 13mm drivers, 12 Hours Playback, IWP Feature, Bluetooth V5.0",True Wireless Earbuds,1299.0,2990.0,56.6,1.0,airdopes-131-rcb-edition,Sports,Airdopes,2021.0,4.0,1.0,13.0,6548989378658.0,3.0,5.0,,False,False,IPX7,12.0,IPX7,,False,,False,5.0,650.0,
21,21,boAt,"boAt Airdopes 131 | Wireless Earbuds Superman DC Edition Earbuds with 13 mm Drivers, Upto 12 hours Nonstop Music, 650mAh Pocket Friendly Charging Case",True Wireless Earbuds,1099.0,2990.0,63.2,1.0,airdopes-131-superman-edition,Franchise,Airdopes,2022.0,6.0,1.0,13.0,6723124723810.0,3.0,5.0,,False,False,,12.0,IPX4,,False,,False,5.0,650.0,
22,22,boAt,"boAt Airdopes 131 | Wireless Earbuds Wonder Woman DC Edition Earbuds With 13 mm Drivers, 650mAh Pocket Friendly Charging Case",True Wireless Earbuds,1299.0,2990.0,56.6,1.0,airdopes-131-wonder-woman-dc-edition,Franchise,Airdopes,2022.0,6.0,1.0,13.0,6723126329442.0,3.0,5.0,,False,False,,60.0,IPX4,,False,,False,5.0,650.0,
23,23,boAt,"Airdopes 138 DC Edition | 13 mm Drivers, Type-C Carry Case, 12 Hours Nonstop Music",True Wireless Earbuds,1299.0,2990.0,56.6,3.0,airdopes-138-dc-edition-wireless-earbuds,Franchise,Airdopes,2023.0,3.0,3.0,13.0,6851891953762.0,3.0,5.0,,False,False,,12.0,IPX4,,False,,False,5.0,650.0,
24,24,boAt,"boAt Airdopes 138 PRO | Wireless Earbuds with 11mm Drivers, ENx™ Technology, BEAST mode, 45 Hours of battery life",True Wireless Earbuds,1668.0,2990.0,47.6,6.0,airdopes-138-pro-bluetooth-earbuds,Standard,Airdopes,2023.0,3.0,6.0,11.0,6851892183138.0,9.0,5.3,,False,True,IPX5,45.0,IPX5,65.0,True,,True,4.8,400.0,
25,25,boAt,"boAt Airdopes 141 | Wireless Earbuds with 42 Hours Playback, ENx™ Technology, BEAST™️ Mode",True Wireless Earbuds,799.0,4490.0,77.8,10.0,airdopes-141,Standard,Airdopes,2022.0,2.0,10.0,8.0,6577003495522.0,7.0,5.1,,False,True,IPX4,42.0,IPX4,80.0,True,Dual,True,4.8,600.0,
26,26,boAt,"boAt Airdopes 141 ANC | Wireless Earbuds with Active Noise Cancellation up to 32dB, 42 Hours Playback, BEAST™️ Mode",True Wireless Earbuds,1499.0,5990.0,75.0,3.0,airdopes-141-anc-earbuds,Standard,Airdopes,2025.0,4.0,3.0,,6886798098530.0,42.0,5.3,32.0,True,True,,42.0,IPX5,50.0,True,,True,4.6,400.0,IPX5
27,27,boAt,"boAt Airdopes 141 Elite ANC | Wireless Earbuds with 42 Hours Playback, Up to 35dB ANC, BEAST™ Mode, Dual EQs, ENx™ Tech",True Wireless Earbuds,1299.0,5990.0,73.3,3.0,airdopes-141-elite-anc-wireless-earbuds,Standard,Airdopes,2025.0,6.0,3.0,,7347751977058.0,10.0,5.3,35.0,True,True,,42.0,IPX4,50.0,True,,True,4.8,400.0,
28,28,boAt,"boAt Airdopes 141 Gen 2 | Wireless Earbuds with 48 Hours Playback, BEAST™ Mode, Dual EQs, ENx™ Tech",True Wireless Earbuds,799.0,3990.0,72.5,5.0,airdopes-141-gen2-wireless-earbuds,Standard,Airdopes,2025.0,6.0,5.0,,7364747264098.0,6.0,5.4,,False,True,,48.0,IPX4,65.0,True,,True,4.5,450.0,
29,29,boAt,"boAt Airdopes 141 Neo | Wireless Earbuds with 50 Hours Playback, ENx™ Technology for clear calls, ASAP™ Charge, BEAST™ Mode, Bluetooth v5.3",True Wireless Earbuds,1400.0,3990.0,64.9,4.0,airdopes-141-neo-wireless-earbuds,Standard,Airdopes,2023.0,7.0,4.0,10.0,6882656845922.0,50.0,5.3,,False,True,IPX5,50.0,IPX5,65.0,True,,True,4.5,480.0,
30,30,boAt,"boAt Airdopes 141 Pro Buds | Wireless Earbuds with 60H Playback, ENx™ Technology, Sleek Metallic Finish, Bluetooth v5.3",True Wireless Earbuds,799.0,4990.0,80.0,4.0,airdopes-141-pro-buds,Standard,Airdopes,2024.0,12.0,4.0,,7269609472098.0,6.0,5.3,,False,True,,60.0,IPX5,65.0,True,,False,5.0,650.0,IPX5
31,31,boAt,"boAt Airdopes 155 | Wireless Earbuds with 40 Hours Playback, ENx™ with Quad Mics, Bluetooth v5.3",True Wireless Earbuds,1799.0,5490.0,61.8,4.0,airdopes-155-long-playback-earbuds,Standard,Airdopes,2024.0,3.0,4.0,,7013559500898.0,6.0,5.3,,False,True,,40.0,IPX4,65.0,True,,True,4.9,400.0,IPX4
32,32,boAt,"boAt Airdopes 161 | Wireless Earbuds with Massive Playback of upto 40 Hours, IPX5 Water & Sweat Resistance, IWP Technology, Type C Interface",True Wireless Earbuds,999.0,2490.0,63.9,10.0,airdopes-161,Standard,Airdopes,2022.0,9.0,10.0,10.0,6637550010466.0,5.5,5.1,,False,False,IPX5,40.0,IPX5,,True,,False,4.8,300.0,
33,33,boAt,"boAt Airdopes 161 ANC Elite | Wireless Earbuds with ANC up to 32dB, ENx™ Technology, BEAST™ Mode",True Wireless Earbuds,1299.0,6999.0,78.6,3.0,airdopes-161-anc-elite-earbuds,Standard,Airdopes,2024.0,7.0,3.0,,7196109340770.0,5.0,5.3,32.0,True,True,,,IPX5,50.0,True,,True,4.7,400.0,
34,34,boAt,"boAt Airdopes 161 ANC | Wireless Earbuds with Active Noise Cancellation up to 32dB, ENx™ Technology, ASAP™ Charge",True Wireless Earbuds,1099.0,5999.0,78.3,3.0,airdopes-161-anc-wireless-earbuds,Standard,Airdopes,2023.0,9.0,3.0,,6896997466210.0,5.0,5.3,32.0,True,True,,50.0,IPX5,50.0,True,,False,4.8,500.0,
35,35,boAt,"boAt Airdopes 161 Deadpool Edition | Wireless Earbuds with 40 Hours Playback, ASAP™ Charge, boAt Immersive Sound, Bluetooth v5.1",True Wireless Earbuds,1199.0,2490.0,51.8,1.0,airdopes-161-deadpool-edition,Franchise,Airdopes,2023.0,9.0,1.0,,6903656513634.0,8.0,5.1,,False,False,IPX5,40.0,IPX5,,True,,False,4.8,300.0,
36,36,boAt,"boAt Airdopes 161 Pro Buds | Wireless Earbuds with 50 Hours Playback, Dual Pairing, Dual Mics with ENx™ Technology",True Wireless Earbuds,999.0,4490.0,71.1,3.0,airdopes-161-pro-buds,Standard,Airdopes,2024.0,1.0,3.0,,6971269087330.0,6.0,5.3,,False,True,,50.0,IPX5,,True,Dual,False,4.8,380.0,
37,37,boAt,"boAt Airdopes 161 Pro | Bluetooth Wireless Earbuds with BEAST™ Mode, ASAP™ Charge, ENx™ Technology, 10mm Drivers",True Wireless Earbuds,1169.0,4990.0,76.6,3.0,airdopes-161-pro-wireless-bluetooth-earbuds,Standard,Airdopes,2023.0,7.0,3.0,10.0,6884756291682.0,5.0,5.3,,False,True,IPX5,50.0,IPX5,40.0,True,Dual,True,4.9,380.0,
38,38,boAt,"boAt Airdopes 161 Thor Edition | Wireless Earbuds with 40 Hours Playback, ASAP™ Charge, boAt Immersive Sound, Bluetooth v5.1",True Wireless Earbuds,899.0,2490.0,63.9,1.0,airdopes-161-thor-edition,Franchise,Airdopes,2023.0,9.0,1.0,,6903647633506.0,40.0,5.1,,False,False,IPX5,40.0,IPX5,,True,,False,4.8,300.0,
39,39,boAt,"boAt Airdopes 171 | In-Ear Earbuds with 6mm drivers, Bluetooth v5.0, Up to 13 Hours Playback, Voice Assistant",True Wireless Earbuds,1399.0,5999.0,71.7,4.0,airdopes-171,Standard,Airdopes,2020.0,7.0,4.0,6.0,4379249213538.0,3.0,5.0,,False,False,IPX4,13.0,IPX4,,False,,False,4.8,380.0,
40,40,boAt,"boAt Airdopes 172 | Wireless Earphones with 42 Hours playback with boAt’s Signature Audio Experience, ASAP™ Fast charge",True Wireless Earbuds,999.0,3490.0,71.4,3.0,airdopes-172-wireless-earbuds,Standard,Airdopes,2022.0,9.0,3.0,11.0,6777399541858.0,10.0,5.2,,False,True,IPX4,42.0,IPX4,65.0,True,,True,5.0,300.0,
41,41,boAt,"boAt Airdopes 173 | Wireless Earbuds with Powerful 6mm drivers, Nonstop Music Up to 13 hours, Type-C Interface",True Wireless Earbuds,2099.0,5999.0,65.0,3.0,airdopes-173,Standard,Airdopes,2020.0,9.0,3.0,6.0,4502756950114.0,3.0,5.0,,False,False,IPX4,10.0,IPX4,,False,,False,5.0,380.0,
42,42,boAt,"boAt Airdopes 181 Pro | Wireless Earbuds with 100 Hours Playback, Quad Mics with ENx™, BEAST™ Mode, ASAP™ Charge",True Wireless Earbuds,1499.0,4990.0,70.0,4.0,airdopes-181-pro-bluetooth-earbuds,Standard,Airdopes,2024.0,6.0,4.0,,7164261957730.0,8.0,5.3,,False,True,,100.0,IPX5,50.0,True,,True,4.5,400.0,
43,43,boAt,"boAt Airdopes 181 Pro SS Edition | TWS Earbuds with 100 Hours Playback, Quad Mics with ENx™, BEAST™ Mode, ASAP™ Charge",True Wireless Earbuds,1699.0,4990.0,72.0,4.0,airdopes-181-pro-wireless-earbuds,Super Saver,Airdopes,2025.0,5.0,4.0,,7347778814050.0,8.0,5.3,,False,True,,100.0,IPX4,,True,,True,4.7,400.0,IPX4
44,44,boAt,"boAt Airdopes 190 | Wireless Earbuds with 40 Hours of Playtime, Beast Mode, RGB Lights Featuring ENx™ tech",True Wireless Earbuds,1299.0,3499.0,62.9,2.0,airdopes-190-wireless-earbuds,Standard,Airdopes,2022.0,9.0,2.0,10.0,6780397125730.0,10.0,5.3,,False,True,IPX4,40.0,IPX4,50.0,True,,True,5.0,400.0,
45,45,boAt,"boAt Airdopes 200 Plus | Wireless Earbuds with 100 Hours Large Playback, BEAST™ Mode, ENx™ Technology, IPX5 Resistance",True Wireless Earbuds,1599.0,5490.0,70.9,3.0,airdopes-200-plus-large-playback-earbuds,Standard,Airdopes,2023.0,10.0,3.0,13.0,6906633945186.0,8.0,5.3,,False,True,IPX5,100.0,IPX5,50.0,True,,True,4.7,650.0,
46,46,boAt,"boAt Airdopes 201 | TWS Wireless Earbuds for Sports & Workout, 10mm Drivers, Voice Assistant with Google and Siri",True Wireless Earbuds,999.0,3999.0,75.0,4.0,airdopes-201,Standard,Airdopes,2022.0,8.0,4.0,10.0,3948287590498.0,3.0,5.0,,False,False,IPX4,15.0,IPX4,,False,,False,4.8,470.0,
47,47,boAt,"boAt Airdopes 207 | Wireless Earbuds with 50 Hours Playback, Quad Mics with ENx™ Technology, 13mm Drivers, BEAST™ Mode",True Wireless Earbuds,2599.0,4990.0,47.9,3.0,airdopes-207-wireless-earbuds,Standard,Airdopes,2023.0,8.0,3.0,13.0,6888696447074.0,8.0,5.3,,False,True,IPX5,50.0,IPX5,50.0,True,,True,4.5,320.0,
48,48,boAt,"boAt Airdopes 213 | Wireless Earbuds with 50 Hours Playback, BEAST™ Mode & ENx™ Calling",True Wireless Earbuds,2048.0,3290.0,37.8,3.0,airdopes-213-wireless-earbuds,Standard,Airdopes,2025.0,6.0,3.0,,7373814661218.0,8.0,5.4,,False,True,,50.0,IPX4,45.0,True,,True,4.8,300.0,
49,49,boAt,"boAt Airdopes 219 | Wireless Earbuds with 40 Hours Playback, BEAST™ Mode & ENx™ Calling",True Wireless Earbuds,999.0,3990.0,75.0,3.0,airdopes-219-wireless-earbuds,Standard,Airdopes,2025.0,7.0,3.0,,7392697155682.0,8.0,5.4,,False,True,IPX4,40.0,IPX4,45.0,True,,True,4.6,400.0,
50,50,boAt,"boAt Airdopes 280 ANC | Wireless Earbuds with ANC up to 32dB, Quad Mics ENx™ Tech, 60 Hours Playback",True Wireless Earbuds,1399.0,6999.0,80.0,3.0,airdopes-280-anc-wireless-earbuds,Standard,Airdopes,2024.0,12.0,3.0,,7197412786274.0,7.0,5.3,32.0,True,True,,60.0,IPX5,65.0,True,,False,4.5,500.0,
51,51,boAt,"boAt Airdopes 281 | TWS Wireless Earbuds with 6mm Drivers, Bluetooth V5.0, 14 Hours Nonstop Music, 420mAh Charging Case",True Wireless Earbuds,2299.0,4999.0,54.0,2.0,airdopes-281,Standard,Airdopes,2022.0,8.0,2.0,6.0,4358150029410.0,5.0,5.0,,False,False,IPX5,14.0,IPX5,,False,,False,4.7,420.0,
52,52,boAt,"boAt Airdopes 281 Pro | Wireless Earbuds with 4 Mics, ASAP™ Charge, 6mm Drivers, 32 Hours Nonstop Audio Bliss, ENx™ Technology",True Wireless Earbuds,2099.0,6990.0,65.7,6.0,airdopes-281-pro,Standard,Airdopes,2021.0,6.0,6.0,6.0,6565846384738.0,5.0,5.1,,False,True,IPX5,32.0,IPX5,,True,,False,4.9,420.0,
53,53,boAt,"boAt Airdopes 300 | Wireless Earbuds with 50 Hours Playback, Quad Mics AI ENx™ Tech, ASAP™ Charge, Spatial Audio",True Wireless Earbuds,1299.0,6490.0,76.9,2.0,airdopes-300-large-playback-earbuds,Standard,Airdopes,2024.0,5.0,2.0,,7140350361698.0,4.0,5.3,,False,True,,50.0,IPX5,,True,Dual,False,4.8,600.0,IPX5
54,54,boAt,"boAt Airdopes 301 | Wireless Earbuds with 75 Hours Playback, ENx™ Technology, 10mm Drivers, BEAST™ Mode, IWP™ Technology",True Wireless Earbuds,1799.0,4990.0,66.0,4.0,airdopes-301,Standard,Airdopes,2026.0,1.0,4.0,10.0,7238128140386.0,3.5,5.3,,False,True,,75.0,IPX5,50.0,True,,True,4.7,470.0,
55,55,boAt,"boAt Airdopes 311 PRO | Wireless Earbuds with 50 Hours Playback, Dual Mics with ENx™ Technology, BEAST™ Mode, ASAP™ Charge",True Wireless Earbuds,899.0,4990.0,82.0,4.0,airdopes-311-pro-wireless-earbuds,Standard,Airdopes,2024.0,5.0,4.0,,7140349411426.0,6.0,5.3,,True,True,,50.0,IPX4,50.0,True,,True,4.6,470.0,
56,56,boAt,"boAt Airdopes 313 | Wireless Earbuds with 75 Hours Playback, Quad Mics ENx™, BEAST™ Mode & boAt Signature Sound",True Wireless Earbuds,1299.0,3990.0,67.4,3.0,airdopes-313-wireless-earbuds,Standard,Airdopes,2025.0,8.0,3.0,13.0,7401144615010.0,7.0,5.4,,False,True,,75.0,IPX4,45.0,True,,True,4.5,650.0,
57,57,boAt,"boAt Airdopes 381 | Bluetooth In-Ear Wireless Earbuds with 7mm Rhythmic Dynamic Drivers, Nonstop Music UpTo 20 Hours",True Wireless Earbuds,2499.0,4990.0,49.9,9.0,airdopes-381,Standard,Airdopes,2020.0,1.0,9.0,7.0,4350059806818.0,4.0,5.0,,False,False,IPX5,20.0,IPX5,,True,,False,4.8,500.0,
58,58,boAt,"boAt Airdopes 381 MKI | Bluetooth Wireless Earbuds with 7mm Driver, Upto 20 Hours Playback, IPX5 Technology",True Wireless Earbuds,2999.0,4990.0,39.9,2.0,airdopes-381-mki-wireless-earbuds,Standard,Airdopes,2022.0,9.0,2.0,7.0,6777057640546.0,4.0,5.0,,False,False,IPX5,20.0,IPX5,,True,,False,5.0,500.0,
59,59,boAt,"boAt Airdopes 383 | Wireless Earbuds with 7mm Rhythmic Dynamic Drivers, Up to 20 hours Playback, 500mAh Charging Case",True Wireless Earbuds,2499.0,4990.0,49.9,2.0,airdopes-383,Standard,Airdopes,2022.0,7.0,2.0,7.0,4509428187234.0,4.0,5.0,,False,False,IPX5,20.0,IPX5,,False,,False,4.7,500.0,
60,60,boAt,"boAt Airdopes 391 | Wireless Earbuds with 6mm Drivers, Qualcomm® cVc™ Call Noise Isolation, aptX™ Audio Technology",True Wireless Earbuds,999.0,4990.0,80.0,3.0,airdopes-391,Standard,Airdopes,2021.0,7.0,3.0,6.0,6577117790306.0,5.0,5.0,,False,False,IPX4,23.0,IPX4,,True,,False,5.0,400.0,
61,61,boAt,"boAt Airdopes 393 ANC | Bluetooth Earbuds with 30 Hours of Playtime, Beast Mode, ENx™ technology",True Wireless Earbuds,3999.0,4990.0,19.9,3.0,airdopes-393-anc-bluetooth-earbuds,Standard,Airdopes,2022.0,9.0,3.0,,6780058042466.0,7.0,5.2,32.0,True,True,IPX5,30.0,IPX5,65.0,True,,True,4.8,400.0,
62,62,boAt,"boAt Airdopes 402 | Wireless Earbuds with Powerful 10mm Drivers, ENx™️ Technology, ASAP Charge, 30Hours of Playback Time",True Wireless Earbuds,1499.0,5990.0,75.0,3.0,airdopes-402,Standard,Airdopes,2021.0,10.0,3.0,10.0,4386070495330.0,4.0,5.2,,False,True,IPX4,30.0,IPX4,,True,,False,4.8,450.0,
63,63,boAt,"boAt Airdopes 411 ANC | Noise-Cancelling Earbuds with 10mm Drivers, ASAP™ Charge Technology, Up to 25dB ANC, ENx™ Technology, 17.5 Hours Playback",True Wireless Earbuds,1999.0,4990.0,59.9,3.0,airdopes-411-anc,Standard,Airdopes,2022.0,3.0,3.0,10.0,6671388737634.0,5.5,5.2,25.0,True,True,IPX4,22.0,IPX4,,True,,False,4.8,320.0,
64,64,boAt,"boAt Airdopes 418 ANC | Wireless Earbuds with 10mm Drivers, Up to 25dB ANC, ENx™ Technology, 17.5 Hours Playback, ASAP™ Charge",True Wireless Earbuds,1899.0,4990.0,61.9,2.0,airdopes-418-anc-noise-cancelling-earbuds-with-10mm-drivers-asaptm-charge-technology-up-to-25db-anc-enx-technology-17-5-hours-playback,Standard,Airdopes,2023.0,3.0,2.0,10.0,6852128505954.0,5.5,5.2,25.0,True,True,IPX4,22.0,IPX4,,True,,False,5.0,500.0,
65,65,boAt,"boAt Airdopes 431 | Wireless Earbuds 7mm Drivers, IPX4 Sweat & Water Resistance, Bluetooth 5.0, 500mAh Charging Case",True Wireless Earbuds,999.0,5999.0,83.3,3.0,airdopes-431,Standard,Airdopes,2022.0,8.0,3.0,7.0,4360497102946.0,5.0,5.0,,False,False,IPX4,10.0,IPX4,,False,,False,4.8,500.0,
66,66,boAt,"boAt Airdopes 441 | Wireless Earbuds with 6mm Driver, Nonstop Music Upto 20 Hours, IPX7 Water & Sweat Resistance",True Wireless Earbuds,999.0,5999.0,83.3,7.0,airdopes-441,Standard,Airdopes,2020.0,2.0,7.0,6.0,4356614652002.0,5.0,5.0,,False,False,IPX7,20.0,IPX7,,False,,False,4.9,500.0,
67,67,boAt,"boAt Airdopes 441 KKR Edition | Wireless Earbuds with 6mm Drivers & boAt Signature Sound, 20 Hours Playback, IPX7 Water Resistance",True Wireless Earbuds,2499.0,5999.0,58.3,1.0,airdopes-441-kkr-edition,Sports,Airdopes,2021.0,4.0,1.0,6.0,6548859715682.0,5.0,5.0,,False,False,IPX7,20.0,IPX7,,False,,False,5.0,500.0,
68,68,boAt,"boAt Airdopes 441 Pro | Wireless Earbuds with 6mm drivers, IWP technology, Bluetooth 5.0, 2600mAh carry case,Voice Assistant",True Wireless Earbuds,999.0,5999.0,83.3,4.0,airdopes-441-pro,Standard,Airdopes,2020.0,8.0,4.0,6.0,4478013440098.0,5.0,5.0,,False,False,IPX7,150.0,IPX7,,False,,False,4.8,2600.0,
69,69,boAt,"boAt Airdopes 441 Pro Special Batman Edition | Wireless Earbuds with 2600 mAh Carry Case, 6mm Drivers, Upto 20 Hours nonstop Music, IPX7 Sweat & Water Resistance",True Wireless Earbuds,3199.0,6990.0,54.2,1.0,airdopes-441-pro-dc-edition,Special,Airdopes,2022.0,6.0,1.0,6.0,6723121741922.0,5.0,5.0,,False,False,IPX7,20.0,IPX7,,False,,False,5.0,2600.0,
70,70,boAt,"boAt Airdopes 443 | Wireless Earbuds with 6mm drivers, IWP Technology, Upto 20 Hours Playback, 500mAh Charging Case",True Wireless Earbuds,2699.0,5999.0,55.0,2.0,airdopes-443,Standard,Airdopes,2022.0,7.0,2.0,6.0,4494553579618.0,5.0,5.0,,False,False,IPX7,20.0,IPX7,,False,,False,5.0,500.0,
71,71,boAt,"boAt Airdopes 451v2 | Wireless Earbuds with 10mm drivers, Dual mic with ENx Technology, 25 Hours Playback, Type-C Interface",True Wireless Earbuds,999.0,5999.0,83.3,4.0,airdopes-451v2,Standard,Airdopes,2022.0,1.0,4.0,10.0,2159622488162.0,5.0,5.0,,False,True,IPX7,25.0,IPX4,,False,,False,4.8,600.0,IPX4
72,72,boAt,"boAt Airdopes 452 | TWS Earbuds with 6mm Drivers, 380mAh Charging Case, ENx™ Technology, BEAST Mode for Gamers, ASAP™ Charge",True Wireless Earbuds,1699.0,4990.0,66.0,4.0,airdopes-452,Standard,Airdopes,2021.0,9.0,4.0,6.0,6582974120034.0,20.0,5.2,,False,True,IPX4,20.0,IPX4,,True,,True,5.0,380.0,
73,73,boAt,"boAt Airdopes 458 | Wireless Earbuds with 30 Hours Playback, BEAST™ Mode, ENx™ Technology, ASAP™ Charge",True Wireless Earbuds,3299.0,4990.0,33.9,4.0,airdopes-458,Standard,Airdopes,2023.0,3.0,4.0,11.0,6849828520034.0,6.0,5.1,,False,True,IPX5,30.0,IPX5,65.0,True,,True,4.8,380.0,
74,74,boAt,"boAt Airdopes 461 | True Wireless Bluetooth Earbuds, Upto 46 Hours Playback, ASAP™ Fast Charge, 600mAh Charging Case",True Wireless Earbuds,2999.0,7990.0,62.5,2.0,airdopes-461,Standard,Airdopes,2022.0,4.0,2.0,6.0,4498564546658.0,6.0,5.0,,False,False,IPX5,46.0,IPX5,,True,,True,4.6,600.0,
75,75,boAt,"boAt Airdopes 491 | Wireless Earbuds with 6mm Drivers, 50 Hours Playback, Bluetooth v5.0, 1800mAh battery",True Wireless Earbuds,999.0,6990.0,85.7,2.0,airdopes-491,Standard,Airdopes,2020.0,2.0,2.0,6.0,4356622680162.0,5.0,5.0,,False,False,IP67,50.0,IP67,,False,,False,5.0,1800.0,
76,76,boAt,"boAt Airdopes 500 ANC | Wireless Earbuds with 35dB Hybrid Active Noise Cancellation, 8mm Drivers, Quad Mics with ENx™ Technology, ASAP™ Charge",True Wireless Earbuds,999.0,9999.0,90.0,3.0,airdopes-500-anc,Standard,Airdopes,2022.0,4.0,3.0,8.0,6690430812258.0,5.5,5.2,35.0,True,True,IPX4,28.0,IPX4,,True,,True,5.0,500.0,
77,77,boAt,"boAt Airdopes 501 ANC | ANC wireless Earbuds with Dual Mics with ENx Technology, BEAST™ for Low Latency, 8mm Drivers",True Wireless Earbuds,3969.0,9990.0,60.3,5.0,airdopes-501-anc,Standard,Airdopes,2021.0,7.0,5.0,8.0,6576435888226.0,5.0,5.2,30.0,True,True,IPX4,28.0,IPX4,,True,,True,5.0,500.0,
78,78,boAt,"boAt Airdopes 511 V2 | TWS Earbuds with 6mm Drivers, boAt Signature Sound, Upto 30 hours Playback, 500 mAh Charging Case",True Wireless Earbuds,2999.0,6999.0,57.2,2.0,airdopes-511-v2,Standard,Airdopes,2022.0,8.0,2.0,6.0,4379279884386.0,6.0,5.0,,False,False,IPX4,30.0,IPX4,,False,,False,4.6,500.0,
79,79,boAt,"Airdopes 601 ANC | Wireless Earbuds with 10mm Drivers, Hybrid Active Noise Cancelling, Type C charging Interface",True Wireless Earbuds,4999.0,9990.0,50.0,2.0,airdopes-601-anc,Standard,Airdopes,2022.0,1.0,2.0,10.0,4356618682466.0,5.5,5.0,33.0,True,True,IPX4,28.0,IPX4,,True,,False,4.2,500.0,
80,80,boAt,"boAt Airdopes 621 | TWS Earbuds with 6mm Driver, 150 Hours Mountainous Playback, IWP & ASAP Charge technology",True Wireless Earbuds,2999.0,7990.0,62.5,2.0,airdopes-621,Standard,Airdopes,2021.0,3.0,2.0,6.0,6542546042978.0,5.0,5.0,,False,False,IPX7,150.0,IPX7,,True,,False,4.9,2600.0,
81,81,boAt,"boAt Airdopes 641 | TWS Earbuds with BEAST™️ Mode for Gamers, 500mAh Charging Case, 6mm Dual Drivers, 30 Hours Playback",True Wireless Earbuds,2999.0,6990.0,57.1,2.0,airdopes-641,Standard,Airdopes,2022.0,5.0,2.0,6.0,6551249191010.0,6.0,5.0,,False,False,IPX5,30.0,IPX5,,False,,True,4.9,500.0,
82,82,boAt,"boAt Airdopes 71 | Wireless Earbuds with 40 Hours Playback, BEAST™ Mode, ENx™ Technology",True Wireless Earbuds,1948.0,3990.0,51.2,6.0,airdopes-71-long-playback-earbuds,Standard,Airdopes,2023.0,12.0,6.0,,6921180938338.0,7.0,5.3,,False,True,,40.0,IPX4,,True,,True,4.9,300.0,
83,83,boAt,"boAt Airdopes 711 | Wireless Gaming Earbuds with Powerful 6mm drivers, Upto 50 hours Playback, 470mAh Charging Case",True Wireless Earbuds,4999.0,11990.0,58.3,1.0,airdopes-711,Standard,Airdopes,2022.0,8.0,1.0,6.0,4509160374370.0,10.0,5.0,,False,False,IPX5,50.0,IPX5,,False,,True,5.0,470.0,
84,84,boAt,"boAt Airdopes 800 HiDef | Wireless Earbuds with 40 Hours Playback, High-Res Audio with LDAC, AI ENx Technology",True Wireless Earbuds,899.0,7490.0,79.3,4.0,airdopes-800-hi-def,Standard,Airdopes,2024.0,11.0,4.0,,7252291289186.0,6.0,5.3,,False,True,,40.0,IPX5,50.0,False,Dual,False,4.7,400.0,
85,85,boAt,"boAt Airdopes 91 | Wireless Earbuds with 45 Hours Playback, BEAST™ Mode, ASAP™ Charge, Dual Mics with ENx™ Technology",True Wireless Earbuds,899.0,3990.0,72.5,3.0,airdopes-91-long-playback-earbuds,Standard,Airdopes,2024.0,1.0,3.0,,6976435028066.0,5.0,5.3,,False,True,,45.0,IPX4,50.0,True,,True,4.9,300.0,
86,86,boAt,"boAt Airdopes 91 Prime | Wireless Earbuds with 45 Hours Playback, BEAST™ Mode, ENx™ Technology, boAt Signature Sound",True Wireless Earbuds,899.0,3990.0,77.5,2.0,airdopes-91-prime-long-playback-earbuds,Standard,Airdopes,2024.0,12.0,2.0,,7276270321762.0,5.0,5.3,,False,True,,45.0,IPX4,,True,,True,5.0,380.0,
87,87,boAt,"boAt Airdopes Ace | Wireless Earbuds with 35 Hours Playback, ASAP™ Charge, BEAST™ Mode, ENx™ Technology",True Wireless Earbuds,1199.0,3490.0,65.6,3.0,airdopes-ace,Standard,Airdopes,2023.0,9.0,3.0,13.0,6899422101602.0,5.0,5.3,,False,True,IPX5,35.0,IPX5,,True,,True,4.6,300.0,
88,88,boAt,"boAt Airdopes Ace Gen 2 | True Wireless Earbuds with 45 Hours Playback, ENx™ Tech & BEAST™ Mode",True Wireless Earbuds,1999.0,5990.0,66.6,3.0,airdopes-ace-gen-2-true-wireless-earbuds,Standard,Airdopes,2025.0,10.0,3.0,13.0,7424276267106.0,5.0,5.4,,False,True,,45.0,IPX4,50.0,True,,True,4.5,320.0,IPX4
89,89,boAt,"boAt Airdopes Alpha Deadpool Edition | Wireless Earbuds with boAt Signature Sound, 35 Hours Playback, ASAP™ Charge, ENx™ Technology",True Wireless Earbuds,999.0,3490.0,71.4,1.0,airdopes-alpha-deadpool-edition,Franchise,Airdopes,2024.0,7.0,1.0,13.0,7198558814306.0,5.0,5.3,,False,True,,35.0,IPX5,50.0,True,,True,4.7,300.0,IPX5
90,90,boAt,"boAt Airdopes Alpha | True Wireless Earbuds with 35 Hours Playback, 13mm Drivers, ENx™ Tech, ASAP™ Charge, IWP™ Technology",True Wireless Earbuds,1499.0,3490.0,71.4,7.0,airdopes-alpha-true-wireless-earbuds,Standard,Airdopes,2025.0,2.0,7.0,13.0,6869654208610.0,5.5,5.3,,False,True,IPX5,35.0,IPX5,50.0,True,,True,4.8,300.0,
91,91,boAt,"boAt Airdopes Atom 81 | Wireless Earbuds with 50 Hours Playback, 13mm Drivers, ENx™ Technology, IPX5 Resistance",True Wireless Earbuds,1499.0,3490.0,57.0,3.0,airdopes-atom-81-long-playback-earbuds,Standard,Airdopes,2023.0,4.0,3.0,13.0,6815427068002.0,5.0,5.3,,False,True,IPX5,50.0,IPX5,50.0,True,,False,4.9,300.0,
92,92,boAt,"boAt Airdopes Atom 81 Pro | Wireless Earbuds with 100 Hours Playback, Quad Mics with ENx™, In-ear Detection, IPX5 Resistance",True Wireless Earbuds,1499.0,3990.0,62.4,3.0,airdopes-atom-81-pro-long-playback-earbuds,Standard,Airdopes,2024.0,6.0,3.0,,7165476307042.0,5.0,5.3,,False,True,IPX5,100.0,IPX5,,True,,False,4.6,500.0,
93,93,boAt,boAt Airdopes Beat | Wireless Earbuds with 35 Hours Playback & BEAST™ Mode,True Wireless Earbuds,1949.0,3990.0,51.2,1.0,airdopes-beat-wireless-earbuds,Standard,Airdopes,2026.0,1.0,1.0,,7485159964770.0,5.0,5.4,,False,True,,35.0,IPX4,50.0,True,,True,3.0,300.0,IPX4
94,94,boAt,"boAt Airdopes Bliss ANC | Wireless Earbuds with Active Noise Cancellation up to 32dB, 42 Hours Playback, BEAST™ Mode, ENx™ Technology",True Wireless Earbuds,2299.0,5990.0,61.6,3.0,airdopes-bliss-wireless-anc-earbuds,Standard,Airdopes,2023.0,9.0,3.0,10.0,6905418448994.0,6.0,5.3,32.0,True,True,IPX5,42.0,IPX5,60.0,True,,True,4.7,350.0,
95,95,boAt,"boAt Airdopes Crude | Wireless Earbuds with 50 Hours Playback, ENx™ Technology, ASAP™ Charge, BEAST™ Mode, Bluetooth v5.3",True Wireless Earbuds,1239.0,4990.0,75.2,2.0,airdopes-crude-wireless-earbuds,Standard,Airdopes,2023.0,7.0,2.0,10.0,6882784575586.0,50.0,5.3,,False,True,IPX4,50.0,IPX4,40.0,True,,True,4.8,380.0,
96,96,boAt,"boAt Airdopes Drift | Wireless Earbdus Gaming Earbuds with 2x6mm Dual Drivers, Quad Mics with ENx™ and IWP™ Technology, LED Lights on Charging Case",True Wireless Earbuds,1699.0,3490.0,51.3,2.0,airdopes-drift-wireless-earbuds,Standard,Airdopes,2024.0,8.0,2.0,6.0,7216283549794.0,5.0,5.4,,False,True,,40.0,IPX4,,True,,True,4.9,400.0,
97,97,boAt,"boAt Airdopes Flex 454 ANC | Wireless Earbuds with Active Noise Cancellation up to 32dB, BEAST™ Mode, 10mm Drivers, ASAP™ Charge",True Wireless Earbuds,1499.0,6990.0,78.6,2.0,airdopes-flex-454-noise-cancelling-earbud,Standard,Airdopes,2023.0,9.0,2.0,10.0,6899554025570.0,12.0,5.2,32.0,True,False,,60.0,IPX5,60.0,True,,True,4.9,500.0,
98,98,boAt,"boAt Airdopes Fuel | Premium Wireless Earbuds with 10mm Drivers, 50 Hours Long Playback, BEAST™ Mode, ENx™ Technology",True Wireless Earbuds,1699.0,4990.0,66.0,3.0,airdopes-fuel-premium-wireless-earbuds,Standard,Airdopes,2023.0,5.0,3.0,10.0,6866949144674.0,50.0,5.3,,False,True,IPX4,50.0,IPX4,40.0,True,,True,4.5,380.0,
99,99,boAt,"boAt Airdopes Genesis | Wireless Earbuds with 54 Hours Playback, BEAST™ Mode, Bluetooth v5.3, ENx™ Technology",True Wireless Earbuds,1999.0,3999.0,50.0,3.0,airdopes-genesis-large-playback-earbuds,Standard,Airdopes,2023.0,5.0,3.0,13.0,6872325488738.0,6.0,5.3,,False,True,IPX5,54.0,IPX5,65.0,True,,True,4.8,400.0,
100,100,boAt,"boAt Airdopes Hype | Wireless Earbuds with 100 Hours Playback, ENx™ Technology, ASAP™ Charge, BEAST™ Mode, 13mm Drivers",True Wireless Earbuds,1699.0,5490.0,69.1,3.0,airdopes-hype-long-playback-earbuds,Standard,Airdopes,2023.0,7.0,3.0,13.0,6880944783458.0,10.0,5.3,,False,True,IPX5,100.0,IPX5,50.0,True,,True,4.5,650.0,
101,101,boAt,"boAt Immortal 141 | Bluetooth Gaming Wireless Earbuds with BEAST™️Mode, ASAP™️ Charge, Bluetooth v5.3",True Wireless Earbuds,2299.0,3499.0,34.3,2.0,airdopes-immortal-141-gaming-earbuds,Standard,Immortal,2023.0,7.0,2.0,,6883993059426.0,5.0,5.3,,False,True,IPX4,40.0,IPX4,40.0,True,,True,5.0,400.0,
102,102,boAt,"boAt Airdopes Joy V2 | Earbuds with 35 Hours Playback, ENx™ Technology & BEAST™ Mode",True Wireless Earbuds,1099.0,3490.0,68.5,3.0,airdopes-joy-v2,Standard,Airdopes,2026.0,6.0,3.0,13.0,7725054263394.0,8.5,5.3,,False,True,,35.0,IPX5,,True,,True,4.7,320.0,IPX5
103,103,boAt,"boAt Airdopes Joy | Wireless Earbuds with 35 Hours of Playback, 13mm Drivers, ENx™ Technology, BEAST™ Mode, ASAP™ Charge",True Wireless Earbuds,1499.0,4999.0,64.0,3.0,airdopes-joy-wireless-earbuds,Standard,Airdopes,2023.0,8.0,3.0,13.0,6894108606562.0,8.5,5.3,,False,True,IPX5,35.0,IPX5,,True,,True,4.8,300.0,
104,104,boAt,"boAt Airdopes Kick | Wireless Earbuds with 75 Hours Long Playback, 13mm Drivers, BEAST™ Mode, Quad Mics With ENx™ Technology",True Wireless Earbuds,1149.0,4990.0,77.0,3.0,airdopes-kick-long-playback-earbuds,Standard,Airdopes,2023.0,6.0,3.0,13.0,6878542364770.0,75.0,5.3,,False,True,IPX5,75.0,IPX5,50.0,True,,True,5.0,500.0,
105,105,boAt,"boAt Airdopes Loop | Wireless Earbuds with 50 Hours Playback, ENx™ Tech, BT v5.3, BEAST™ Mode, ASAP™ Charge",True Wireless Earbuds,1799.0,7990.0,73.7,3.0,airdopes-loop,Standard,Airdopes,2024.0,11.0,3.0,,7264791658594.0,6.0,5.3,,False,True,,50.0,IPX4,40.0,True,,True,4.1,480.0,
106,106,boAt,"boAt Airdopes Max | Wireless Earbuds with 100 Hours Playback, ENx™ Technology, ASAP™ Charge, BEAST™ Mode, 13mm Drivers",True Wireless Earbuds,1499.0,5490.0,72.7,3.0,airdopes-max-wireless-earbuds,Standard,Airdopes,2023.0,7.0,3.0,13.0,6882662842466.0,10.0,5.3,,False,True,IPX5,100.0,IPX5,50.0,True,,True,5.0,650.0,
107,107,boAt,"boAt Airdopes Plus 318 | Wireless Earbuds with 100 Hours Playback, 4 Mics with ENx™ Technology, BEAST™ Mode",True Wireless Earbuds,2574.0,4990.0,48.4,2.0,airdopes-plus-318-bluetooth-wireless-earbuds,Standard,Airdopes,2025.0,5.0,2.0,,7349195178082.0,10.0,5.3,,False,True,,100.0,IPX5,,True,,True,3.8,400.0,IPX5
108,108,boAt,"boAt Airdopes Prime 412 | Wireless Earbuds with 50 Hours Playback, AI-ENx™ Calling, BEAST™ Mode & boAt Signature Sound",True Wireless Earbuds,1399.0,4490.0,68.8,3.0,airdopes-prime-412-wireless-earbuds,Standard,Airdopes,2025.0,7.0,3.0,,7393710375010.0,8.0,5.4,,False,True,,50.0,IPX5,60.0,True,,True,4.5,500.0,IPX5
109,109,boAt,"boAt Airdopes Prime 511 | Wireless Earbuds with 50 Hours Playback, AI-ENx™ Calling, Multipoint Connectivity & boAt Signature Sound",True Wireless Earbuds,1299.0,5990.0,75.0,3.0,airdopes-prime-511-wireless-earbuds,Standard,Airdopes,2025.0,8.0,3.0,,7403990646882.0,8.0,5.4,,False,True,,50.0,IPX5,,True,Dual,False,5.0,500.0,
110,110,boAt,"boAt Airdopes Prime 513 ANC | Wireless Earbuds with 65 Hours Playback, 32dB ANC, Quad Mics & Multipoint Connectivity",True Wireless Earbuds,1399.0,5990.0,71.6,2.0,airdopes-prime-513-anc-wireless-earbuds,Standard,Airdopes,2025.0,9.0,2.0,,7418511884386.0,5.0,5.2,32.0,True,False,,65.0,IPX4,,True,Dual,False,4.5,500.0,
111,111,boAt,"boAt Airdopes Prime 700 ANC | Wireless Earbuds with 50 Hours Playback, 48dB Hybrid ANC, 6 Mics & Multipoint Connectivity",True Wireless Earbuds,1799.0,7990.0,73.7,2.0,airdopes-prime-700-anc-wireless-earbuds,Standard,Airdopes,2025.0,11.0,2.0,,7445488697442.0,5.0,6.0,48.0,True,False,,50.0,IPX5,,True,Dual,False,3.5,400.0,IPX5
112,112,boAt,"boAt Airdopes Prime 701 ANC | Wireless Earbuds with 50 Hours Playback, 46dB Hybrid ANC, Spatial Audio & 100K Crest AI Units",True Wireless Earbuds,2199.0,7990.0,72.5,6.0,airdopes-prime-701-anc-wireless-earbuds,Standard,Airdopes,2025.0,6.0,6.0,,7366252232802.0,5.0,5.3,46.0,True,False,,50.0,IPX5,,True,,False,4.7,500.0,
113,113,boAt,boAt Airdopes ProClip | Open-Ear Earbuds with 52 Hours Playback & Air Conduction Tech,True Wireless Earbuds,1799.0,4999.0,64.0,3.0,airdopes-proclip,Standard,Airdopes,2026.0,6.0,3.0,,7727136145506.0,8.0,6.0,,False,False,,52.0,IPX4,,True,,False,4.9,500.0,IPX4
114,114,boAt,"boAt Airdopes Sonik | Wireless Earbuds with 60 Hours Playback, Bluetooth v5.3, ENx™ Technology, ASAP™ Charge",True Wireless Earbuds,1899.0,5990.0,65.0,2.0,airdopes-sonik-long-playback-earbuds,Standard,Airdopes,2023.0,6.0,2.0,11.0,6874928873570.0,10.0,5.3,,False,True,IPX4,60.0,IPX4,,True,,False,4.8,490.0,
115,115,boAt,"boAt Airdopes Supreme | Wireless Earbuds with 50 Hours Playback, AI ENx™ with Wind Noise Reduction, Cinematic Spatial Audio",True Wireless Earbuds,1299.0,5990.0,75.0,6.0,airdopes-supreme-long-playback-earbuds,Standard,Airdopes,2024.0,3.0,6.0,,7019905089634.0,10.0,5.2,,False,True,,50.0,IPX4,,True,,False,4.8,400.0,IPX4
116,116,boAt,"boAt Airdopes Ultra Plus | Wireless Earbuds with 50 Hours Playback, BEAST™ Mode, Quad Mics with ENx™ Tech, IWP™ Technology",True Wireless Earbuds,1499.0,4990.0,70.0,4.0,airdopes-ultra-plus-large-playback-earbuds,Standard,Airdopes,2024.0,3.0,4.0,,7021108822114.0,8.0,5.3,,False,True,,50.0,IPX5,,True,,True,4.9,500.0,IPX5
117,117,boAt,"boAt Airdopes Ultra Pro | Wireless Earbuds with 100 Hours Playback, Immersive Spatial Audio, Multipoint Connectivity",True Wireless Earbuds,1849.0,6990.0,73.5,2.0,airdopes-ultra-pro-long-playback-earbuds,Standard,Airdopes,2025.0,1.0,2.0,,7283853295714.0,10.0,5.3,,False,False,,100.0,IPX4,,True,Dual,False,4.6,500.0,IPX4
118,118,boAt,"boAt Airdopes Unity ANC | Bluetooth Earbuds with Active Noise Cancellation, ENx™ Technology, BEAST™ Mode, ASAP™ Charge",True Wireless Earbuds,1799.0,5999.0,70.0,2.0,airdopes-unity-anc-bluetooth-earbuds,Standard,Airdopes,2023.0,11.0,2.0,,6926679539810.0,6.0,5.3,32.0,True,True,,,IPX4,,True,,True,4.8,500.0,IPX4
119,119,boAt,"boAt Airdopes Zing | Wireless Earbuds with BEAST™ Mode, 75 Hours of Playback, ENx™ Technology, Bluetooth v5.3",True Wireless Earbuds,1699.0,3490.0,51.3,3.0,airdopes-zing-long-playback-earbuds,Standard,Airdopes,2023.0,6.0,3.0,13.0,6878160945250.0,10.0,5.3,,False,True,IPX5,75.0,IPX5,50.0,True,,True,4.9,300.0,
120,120,boAt,"Bassheads 100 | Wired Earphone with 10mm Dynamic Drivers, Stylish Hawk-inspired Design, Super Extra Bass",Wired Earphones,349.0,999.0,55.1,7.0,bassheads-100,Standard,Bassheads,2019.0,9.0,7.0,10.0,2162717327458.0,-1.0,-1.0,,False,False,,-1.0,,0.0,False,Single,False,4.9,-1.0,
121,121,boAt,"Bassheads 100C | Wired Earphone with Type-C Jack, boAt Signature Sound, In-built Mic, Integrated Controls",Wired Earphones,699.0,1990.0,64.9,4.0,bassheads-100-c-wired-earphone,Standard,Bassheads,2024.0,8.0,4.0,,7224017846370.0,-1.0,-1.0,,False,False,,-1.0,,0.0,False,Single,False,4.8,-1.0,
122,122,boAt,"boAt Bassheads 100 RCB Edition | Limited Edition RCB Design Wired Earphones, 10mm Dynamic Drivers, In-line Microphone",Wired Earphones,399.0,1499.0,73.4,1.0,bassheads-100-rcb-edition,Sports,Bassheads,2020.0,9.0,1.0,10.0,4502286893154.0,-1.0,-1.0,,False,False,,-1.0,,0.0,False,Single,False,5.0,-1.0,
123,123,boAt,"Bassheads 102 | Wired Earphones with Lightweight Design, Microphone with voice assistant, Super Extra Bass",Wired Earphones,599.0,1290.0,53.6,6.0,bassheads-102,Standard,Bassheads,2020.0,1.0,6.0,,2221298122850.0,-1.0,-1.0,,False,False,,-1.0,,0.0,False,Single,False,4.8,-1.0,
124,124,boAt,"Bassheads 103 | In-Ear Wired Earphone with 10mm Driver, Lightweight Design, Super Extra Bass, Passive Noise Cancellation",Wired Earphones,399.0,1290.0,76.8,6.0,bassheads-103,Standard,Bassheads,2019.0,12.0,6.0,10.0,2222485766242.0,-1.0,-1.0,,False,False,,-1.0,,0.0,False,Single,False,4.8,400.0,
125,125,boAt,"boAt Bassheads 104 | Wired Earphones with 10mm drivers, Absolute Experience, Immersive Audio, Lightweight Design",Wired Earphones,299.0,999.0,70.1,5.0,bassheads-104,Standard,Bassheads,2021.0,6.0,5.0,10.0,6564179869794.0,-1.0,-1.0,,False,False,,-1.0,IPX5,0.0,False,Single,False,4.7,-1.0,IPX5
126,126,boAt,"boAt Bassheads 105 | Wired Earphones with 13mm Driver, Passive Noise Cancellation, Super Extra Bass, Lightweight Design",Wired Earphones,849.0,999.0,10.0,5.0,bassheads-105,Standard,Bassheads,2021.0,6.0,5.0,13.0,6564184326242.0,-1.0,-1.0,,False,False,,-1.0,,0.0,False,Single,False,4.9,400.0,
127,127,boAt,"Bassheads 110 | Wired Earphones comes with 10mm Driver, Hawk Inspired Design, Powerful Bass, Stereo In-Line Microphone",Wired Earphones,1048.0,999.0,30.0,4.0,bassheads-110,Standard,Bassheads,2022.0,7.0,4.0,10.0,4335224193122.0,-1.0,-1.0,,False,False,,-1.0,,0.0,False,Single,False,5.0,-1.0,
128,128,boAt,"Bassheads 122 | Premium Wired Earphone with 10mm Driver, Metallic Finish, HD Sound, 3.5mm Straight Jack, Activate Voice Assistant with One Click",Wired Earphones,499.0,1290.0,61.3,1.0,bassheads-122,Standard,Bassheads,2019.0,12.0,1.0,10.0,2222529020002.0,-1.0,-1.0,,False,False,,-1.0,,0.0,False,Single,False,4.9,-1.0,
129,129,boAt,"boAt Bassheads 122 ANC | Wired Earphone with 13mm Drivers, Type-C Jack, In-Line Mic, Integrated Controls",Wired Earphones,999.0,2999.0,66.7,1.0,bassheads-122-anc-wired-earphone,Standard,Bassheads,2024.0,7.0,1.0,13.0,7187919044706.0,-1.0,-1.0,25.0,True,False,,-1.0,IPX5,0.0,False,Single,False,4.9,-1.0,IPX5
130,130,boAt,"Bassheads 132 | Wired Earphones with 10mm Dynamic Driver, 3.5mm Jack, HD Sound, Microphone with Voice Assistant",Wired Earphones,499.0,1290.0,61.3,1.0,bassheads-132,Standard,Bassheads,2022.0,7.0,1.0,10.0,4402695274594.0,-1.0,-1.0,,False,False,,-1.0,,0.0,False,Single,False,5.0,-1.0,
131,131,boAt,"boAt Bassheads 152 | Wired Earphone with Premium HD Sound, Angled Headphone Jack, Super Extra Bass, Active Voice Assistant",Wired Earphones,499.0,1290.0,38.1,5.0,bassheads-152,Standard,Bassheads,2019.0,9.0,5.0,10.0,2162675974242.0,-1.0,-1.0,,False,False,,,IPX4,0.0,False,Single,False,4.8,-1.0,
132,132,boAt,boAt Bassheads 152 KKR Edition,Wired Earphones,549.0,1290.0,57.4,1.0,bassheads-152-kkr-edition,Sports,Bassheads,2022.0,8.0,1.0,10.0,4456040202338.0,-1.0,-1.0,,False,False,,-1.0,,0.0,False,Single,False,4.8,-1.0,
133,133,boAt,"Bassheads 162 | Wired Earphone Made with Durable Coated Cable, Premium 10mm Drivers, Super Extra Bass, In-Built Mic",Wired Earphones,399.0,1290.0,69.1,3.0,bassheads-162,Standard,Bassheads,2020.0,4.0,3.0,10.0,2162688229474.0,-1.0,-1.0,,False,False,,-1.0,,0.0,False,Single,False,4.9,-1.0,
134,134,boAt,"Bassheads 162v2 | Wired Earphone with 10mm Drivers, boAt Signature Sound, Metallic Earbuds, Ergonomic Fit",Wired Earphones,349.0,990.0,59.7,5.0,bassheads-162-v2,Standard,Bassheads,2024.0,12.0,5.0,10.0,7260052947042.0,-1.0,-1.0,,False,False,,,,0.0,False,Single,False,4.6,-1.0,
135,135,boAt,"Bassheads 172 | Wired Earphone with Integrated Music Control, 10mm Dynamic Driver, Braided Cable, Premium Metallic Finish",Wired Earphones,399.0,1299.0,69.3,3.0,bassheads-172,Standard,Bassheads,2020.0,5.0,3.0,10.0,2162691473506.0,-1.0,-1.0,,False,False,,-1.0,,0.0,False,Single,False,4.8,-1.0,
136,136,boAt,boAt Bassheads 172 KKR Edition,Wired Earphones,499.0,1299.0,61.6,1.0,bassheads-172-kkr-edition,Sports,Bassheads,2021.0,4.0,1.0,10.0,6548869939298.0,-1.0,-1.0,,False,False,,-1.0,,0.0,False,Single,False,5.0,-1.0,
137,137,boAt,"Bassheads 182 | In-Ear Wired Earphone with 10mm Driver, Durable Braided Cable, Active Voice Assistant",Wired Earphones,499.0,1290.0,61.3,3.0,bassheads-182,Standard,Bassheads,2020.0,4.0,3.0,10.0,2162695798882.0,-1.0,-1.0,,False,False,,-1.0,,0.0,False,Single,False,4.8,-1.0,No IP rating
138,138,boAt,Bassheads 192 - Make in India,Wired Earphones,299.0,999.0,70.1,1.0,bassheads-192-wired-earphones-with-super-extra-bass,Standard,Bassheads,2022.0,6.0,1.0,10.0,6718669815906.0,-1.0,-1.0,,False,False,,-1.0,IPX4,0.0,False,Single,False,4.8,-1.0,
139,139,boAt,Bassheads 202 - Make in India,Wired Earphones,499.0,999.0,50.1,1.0,bassheads-202-in-ear-wired-earphone,Standard,Bassheads,2022.0,6.0,1.0,10.0,6718699896930.0,-1.0,-1.0,,False,False,,-1.0,,0.0,False,Single,False,4.0,-1.0,
140,140,boAt,"boAt Bassheads 211 | Wired Earphones with 10mm Drivers, Mic & Glossy Comfort Fit",Wired Earphones,249.0,599.0,50.1,2.0,bassheads-211-wired-earphone,Standard,Bassheads,2025.0,8.0,2.0,10.0,7404580929634.0,-1.0,-1.0,,False,False,,-1.0,,0.0,False,Single,False,4.0,-1.0,
141,141,boAt,"Bassheads 213L | Wired Earphone with 10mm Drivers, boAt Signature Sound, Snug Fit & Braided Cable",Wired Earphones,349.0,699.0,42.9,3.0,bassheads-213l,Standard,Bassheads,2025.0,9.0,3.0,10.0,7406558281826.0,-1.0,-1.0,,False,False,,-1.0,,0.0,False,Single,False,5.0,400.0,
142,142,boAt,"Bassheads 220 | Wired Earphones with Passive Noise Cancellation, Super Extra Bass, Hands-free communication",Wired Earphones,998.0,999.0,0.0,6.0,bassheads-220,Standard,Bassheads,2020.0,6.0,6.0,10.0,4450746990690.0,-1.0,-1.0,,False,False,,-1.0,,0.0,False,Single,False,4.8,-1.0,
143,143,boAt,"Bassheads 225 | Wired Earphone with 10mm Driver, Passive Noise Cancellation, Hands-free communication, Super Extra Bass",Wired Earphones,499.0,999.0,50.1,9.0,bassheads-225,Standard,Bassheads,2019.0,9.0,9.0,10.0,2162730369122.0,-1.0,-1.0,,False,False,,-1.0,,0.0,False,Single,False,4.8,-1.0,
144,144,boAt,"Bassheads 228 | Wired Earphones with Poweful 10mm Driver, Passive Noise Cancellation, Polished metal design",Wired Earphones,499.0,1190.0,58.1,7.0,bassheads-228,Standard,Bassheads,2022.0,7.0,7.0,10.0,4394020274274.0,-1.0,-1.0,,False,False,,-1.0,,0.0,False,Single,False,4.8,-1.0,
145,145,boAt,"boAt Bassheads 242 | Wired Earphone with Durable Coated Cable, 10mm Dynamic Driver, IPX4 Water Resistant",Wired Earphones,949.0,1490.0,36.3,6.0,bassheads-242,Standard,Bassheads,2021.0,3.0,6.0,10.0,6535807795298.0,-1.0,-1.0,,False,False,IPX4,-1.0,IPX4,0.0,False,Single,False,4.9,-1.0,
146,146,boAt,"Bassheads 55 | Wired Earphones with 10mm Drivers, Metallic Buds, In-Line Mic & Lightweight Design",Wired Earphones,349.0,899.0,61.2,2.0,bassheads-55,Standard,Bassheads,2026.0,2.0,2.0,10.0,7501629685858.0,-1.0,-1.0,,False,False,,,,0.0,False,Single,False,4.6,-1.0,
147,147,boAt,"boAt Bassheads 900 | Wired Earphones with 40mm Drivers, Compact & Foldable, In-line microphone, Super Bass",Wired Headphones,1099.0,2490.0,55.9,2.0,bassheads-900,Standard,Bassheads,2019.0,11.0,2.0,40.0,2162773885026.0,-1.0,-1.0,,False,False,,,,0.0,False,Single,False,4.8,-1.0,
148,148,boAt,"Bassheads 900 C Pro | USB Type-C Wired Headset with Retractable Mic, Remote Control & Adjustable Headband",Wired Headphones,1199.0,3490.0,65.6,1.0,bassheads-900-c-pro,Standard,Bassheads,2026.0,4.0,1.0,,7517561127010.0,-1.0,-1.0,,False,False,,,,0.0,False,Single,False,3.3,-1.0,
149,149,boAt,"Bassheads 900 Pro | Wired Headphone with 40mm Drivers, 5W Power Output, 1.5m Cable Length, USB Plug & Play",Wired Headphones,1399.0,4990.0,70.0,1.0,bassheads-900-pro-wired-headphone,Standard,Bassheads,2024.0,8.0,1.0,40.0,7213572325474.0,-1.0,-1.0,,False,False,,,,0.0,False,Single,False,4.0,-1.0,
150,150,boAt,"Bassheads 901 Pro | Wired Headset with Retractable Mic, Remote Control & Adjustable Headband",Wired Headphones,899.0,2990.0,63.2,1.0,bassheads-901-pro,Standard,Bassheads,2026.0,3.0,1.0,,7523856941154.0,-1.0,-1.0,,False,False,,,,0.0,False,Single,False,3.9,-1.0,
151,151,boAt,"Bassheads 90C | Wired Earphones with 10mm Drivers, Magnetic Metallic Buds, In-Line Mic & Lightweight Design",Wired Earphones,399.0,990.0,54.6,2.0,bassheads-90c,Standard,Bassheads,2025.0,12.0,2.0,10.0,7456089505890.0,-1.0,-1.0,,False,False,,,,0.0,False,Single,False,4.5,-1.0,
152,152,boAt,"Bassheads 910 | Wired Headphone with 40mm Dynamic Drivers, Comfortable & Foldable Cups, In-line microphone",Wired Headphones,999.0,2490.0,59.9,1.0,bassheads-910,Standard,Bassheads,2022.0,7.0,1.0,40.0,4335225602146.0,-1.0,-1.0,,False,False,,,,0.0,False,Single,False,4.9,-1.0,
153,153,boAt,"Bassheads 95 | Wired Earphone with 10mm Drivers, 120cm Cable Length, In-line Mic, Lightweight Build, 3.5mm Jack",Wired Earphones,299.0,1199.0,70.9,3.0,bassheads-95-wired-earphone,Standard,Bassheads,2025.0,2.0,3.0,10.0,7303416184930.0,-1.0,-1.0,,False,False,,-1.0,,0.0,False,Single,False,5.0,-1.0,
154,154,boAt,"boAt Bassheads 950v2 | Wired Headphone with 40mm drivers, Passive Noise Isolation & built-in mic, Deep Bass",Wired Headphones,999.0,1990.0,49.8,3.0,bassheads-950v2,Standard,Bassheads,2022.0,1.0,3.0,40.0,6647358390370.0,-1.0,-1.0,,False,False,,,,0.0,False,Single,False,5.0,-1.0,
155,155,boAt,"boAt 100 Wireless | Premium HD Sound with Dynamic 10mm Drivers, Wireless Bluetooth V5.0 connection, 30 Hours Playback",Neckband,1099.0,2999.0,63.4,4.0,boat-100-wireless,Standard,Wireless Series,2019.0,12.0,4.0,10.0,3950921678946.0,30.0,5.0,,False,False,IPX4,30.0,IPX4,,False,Dual,False,4.9,320.0,
156,156,boAt,"boAt 102 Wireless | Wireless Neckband with 8mm Dynamic Drivers, 15H Playback, Built-in Microphone, Magnetic Earbuds",Neckband,1099.0,1990.0,44.8,4.0,boat-102-wireless,Standard,Wireless Series,2020.0,9.0,4.0,8.0,4495606480994.0,15.0,5.0,,False,False,IPX4,15.0,IPX4,,False,Dual,False,4.9,160.0,
157,157,boAt,"boAt 103 Wireless | Wireless Neckband with 15H Playback, 10mm Drivers, Bluetooth v5.0, IPX4 water-resistant",Neckband,1199.0,1990.0,39.7,4.0,boat-103-wireless,Standard,Wireless Series,2020.0,9.0,4.0,10.0,4482482208866.0,15.0,5.0,,False,False,IPX4,15.0,IPX4,,False,Dual,False,4.7,160.0,
158,158,boAt,"boAt Airdopes 111 | Wireless Earbuds with 13mm drivers, 28 Hours of Playback, IWP Technology, ASAP Charge, Voice Assistant",True Wireless Earbuds,1349.0,2999.0,55.0,4.0,boat-airdopes-111,Standard,Airdopes,2022.0,1.0,4.0,13.0,4542502535266.0,7.0,5.1,,False,False,,7.0,IPX4,,True,,False,4.8,300.0,IPX4
159,159,boAt,"boAt Airdopes 113 | True Wireless Gaming Earbuds with Powerful 13mm Drivers, Beast™ Mode for Gaming, ENx™ Technology, Upto 24 hours of Continuous Playback",True Wireless Earbuds,1299.0,2990.0,56.6,3.0,boat-airdopes-113-wireless-gaming-earbuds,Standard,Airdopes,2022.0,9.0,3.0,13.0,6776276254818.0,24.0,5.2,,False,True,IPX4,24.0,IPX4,,True,,True,4.7,400.0,
160,160,boAt,"boAt Airdopes 118 Wrogn Edition| Earbuds with 10mm drivers, BEAST™ Mode for Gamers, ENx™ Technology",True Wireless Earbuds,2499.0,2990.0,16.4,3.0,boat-airdopes-118-earbuds-with-13mm-drivers-beast™-mode-for-gamers-enx™-technology,Collaboration,Airdopes,2024.0,12.0,3.0,10.0,7118175699042.0,24.0,5.2,,False,True,IPX4,24.0,IPX4,,True,,True,5.0,320.0,
161,161,boAt,"boAt Airdopes 121 PRO | Wireless Earbuds with 10mm Dynamic Drivers, ASAP™️ Charge, ENx™️ Technology, Easy Touch Control",True Wireless Earbuds,999.0,2990.0,66.6,4.0,boat-airdopes-121-pro-earbuds-with-easy-touch-control,Standard,Airdopes,2022.0,7.0,4.0,10.0,6741690056802.0,8.0,5.3,,False,True,IPX5,8.0,IPX5,65.0,True,,True,4.9,400.0,
162,162,boAt,"boAt Airdopes 131 PRO | Wireless Earbuds with ENx™ Noise cancellation technology, BEAST™  mode, 55 Hours of battery life, IPX5 Sweat & Water Resistance",True Wireless Earbuds,1068.0,2990.0,64.3,8.0,boat-airdopes-131-pro-true-wireless-earbuds,Standard,Airdopes,2022.0,7.0,8.0,11.0,6741368438882.0,55.0,5.3,,False,True,IPX5,55.0,IPX5,65.0,True,,True,4.9,400.0,
163,163,boAt,boAt Airdopes 138 Gen 2 | True Wireless Earbuds with 70 Hours Playback & BEAST™ Mode,True Wireless Earbuds,1499.0,2990.0,49.9,2.0,boat-airdopes-138-gen-2,Standard,Airdopes,2026.0,1.0,2.0,13.0,7492131487842.0,17.0,5.4,,False,True,,70.0,IPX4,45.0,True,,True,,650.0,IPX4
164,164,boAt,"boAt Airdopes 138 | Wireless Earbuds with 13mm Drivers, Bluetooth V5.0+EDR, IWP Technology, 650mAh Pocket friendly Charging Case, 60 Hours nonstop music",True Wireless Earbuds,1599.0,2990.0,53.2,14.0,boat-airdopes-138-wireless-earbuds-1,Standard,Airdopes,2022.0,7.0,14.0,13.0,6748344713314.0,3.0,5.0,,False,False,,60.0,IPX4,,False,,False,4.9,650.0,
165,165,boAt,"boAt Airdopes 148 Gen 2 | Wireless Earbuds with 48 Hours Playback, BEAST™ Mode, Dual EQs, ENx™ Tech",True Wireless Earbuds,1499.0,3990.0,62.4,5.0,boat-airdopes-141-gen-2-wireless-earbuds-with-48-hours-playback-beast™-mode-dual-eqs-enx™-tech,Standard,Airdopes,2025.0,7.0,5.0,,7392156811362.0,8.0,5.4,,False,True,,48.0,IPX4,,True,,True,5.0,450.0,
166,166,boAt,"boAt Airdopes 141 Pro | 12mm Drivers, Upto 45 Hours Playback, Quad Mics with ENx™️ Technology",True Wireless Earbuds,999.0,2990.0,46.5,3.0,boat-airdopes-141-pro-earbuds,Standard,Airdopes,2022.0,8.0,3.0,12.0,6752581615714.0,6.0,5.3,,False,True,IPX4,45.0,IPX4,65.0,True,,True,4.9,650.0,
167,167,boAt,"boAt Airdopes 148 | Wireless Earbuds with 8mm Drivers, IWP & ENxTM Technology, ASAP Fast Charge, Upto 42 hours Playback, IPX4 Sweat & Water Resistance",True Wireless Earbuds,1399.0,4490.0,71.1,6.0,boat-airdopes-148,Standard,Airdopes,2022.0,7.0,6.0,8.0,6746609385570.0,5.0,5.0,,False,True,IPX4,42.0,IPX4,,True,,False,4.9,600.0,
168,168,boAt,"boAt Airdopes 161 (Metallic) | Wireless Earbuds with Massive Playback of upto 50 Hours, IPX4 Water & Sweat Resistance, IWP Technology, Type C Interface",True Wireless Earbuds,1099.0,2490.0,55.9,2.0,boat-airdopes-161-metallic,Standard,Airdopes,2024.0,12.0,2.0,10.0,7273525968994.0,50.0,5.1,,False,False,IPX4,50.0,IPX4,,True,,False,4.6,300.0,
169,169,boAt,"boAt Airdopes 163 | Wireless Earbuds with Massive Playback of upto 17 Hour, IPX5 Water & Sweat Resistance, IWP Technology, Type C Interface",True Wireless Earbuds,1599.0,2490.0,35.8,6.0,boat-airdopes-163-wireless-earbuds,Standard,Airdopes,2022.0,12.0,6.0,10.0,6824471756898.0,17.0,5.1,,False,False,IPX5,17.0,IPX5,,True,,False,4.8,300.0,
170,170,boAt,"boAt Airdopes 170 | Wireless Bluetooth Earbuds with 13mm Drivers, Upto 50 Hours of battery life, BEAST™ Mode, Quad Mics with ENx™ Technology",True Wireless Earbuds,1599.0,3490.0,54.2,6.0,boat-airdopes-170-wireless-earbuds,Standard,Airdopes,2023.0,2.0,6.0,13.0,6843046559842.0,50.0,5.3,,False,True,IPX4,50.0,IPX4,50.0,True,,True,4.9,470.0,
171,171,boAt,"boAt Airdopes 175 |TWS Earbuds10mm drivers, Quad mics with ENx™️ Technology, Bluetooth v5.2, IPX4 Sweat & Water Resistance, ASAP™  Fast Charge",True Wireless Earbuds,999.0,2990.0,66.6,4.0,boat-airdopes-175,Standard,Airdopes,2022.0,5.0,4.0,10.0,6712883052642.0,8.0,5.2,,False,True,IPX4,35.0,IPX4,,True,,False,5.0,300.0,
172,172,boAt,"boAt Airdopes 181 | Wireless Earbuds with 10mm Driver, Type C Interface, BEAST™ Mode & Voice Assistant, ENx Technology",True Wireless Earbuds,1199.0,2990.0,49.9,4.0,boat-airdopes-181,Standard,Airdopes,2022.0,1.0,4.0,10.0,4471819108450.0,4.0,5.2,,False,True,IPX4,20.0,IPX4,60.0,True,,True,4.9,300.0,
173,173,boAt,"boAt Airdopes 183 | Wireless Bluetooth Earbuds with 10mm Driver, Upto 90 Minutes Playback in 10 Minutes Charge, ASAP Charge Technology, BEAST™ mode",True Wireless Earbuds,899.0,2990.0,59.9,3.0,boat-airdopes-183-wireless-bluetooth-earbuds,Standard,Airdopes,2022.0,10.0,3.0,10.0,6781455564898.0,4.0,5.2,,False,True,IPX4,20.0,IPX4,60.0,True,,True,5.0,300.0,
174,174,boAt,"boAt Airdopes 191 ANC | Wireless Earbuds with ANC up to 32dB,Quad Mics ENx™ Tech, Bluetooth v5.3",True Wireless Earbuds,2299.0,6990.0,67.1,5.0,boat-airdopes-191-anc-wireless-earbuds-with-anc-up-to-32db-quad-mics-enx™-tech-bluetooth-v5-3,Standard,Airdopes,2024.0,7.0,5.0,,7202227322978.0,10.0,5.3,32.0,True,True,,,IPX4,,True,,False,4.6,400.0,IPX4
175,175,boAt,"boAt Airdopes 191G | Wireless Earbdus Gaming Earbuds with 2x6mm Dual Drivers, Quad Mics with ENx™ and IWP™ Technology, LED Lights on Charging Case",True Wireless Earbuds,1399.0,3490.0,59.9,3.0,boat-airdopes-191g-true-wireless-gaming-earbuds,Standard,Airdopes,2022.0,6.0,3.0,6.0,6719983812706.0,5.0,5.2,,False,True,IPX5,30.0,IPX5,65.0,True,,True,4.9,400.0,
176,176,boAt,"boAt Airdopes 192 | Gaming Earbuds with 13mm Drivers, BEAST™ Mode, ENx™ Technology, LED lights, 30 hours of nonstop playback",True Wireless Earbuds,2069.0,3490.0,40.7,2.0,boat-airdopes-192,Standard,Airdopes,2023.0,1.0,2.0,13.0,6837728870498.0,20.0,5.3,,False,True,IPX4,30.0,IPX4,40.0,True,,True,4.7,400.0,
177,177,boAt,"boAt Airdopes 212 | Wireless Earbuds with 50 Hours Playback, BEAST™ Mode & ENx™ Calling",True Wireless Earbuds,899.0,3290.0,66.6,3.0,boat-airdopes-212-wireless-earbuds,Standard,Airdopes,2025.0,7.0,3.0,,7387552383074.0,10.0,5.4,,False,True,,50.0,IPX4,,True,,True,4.9,300.0,
178,178,boAt,"boAt Airdopes 283 | TWS Earbuds with Dynamic 6mm Drivers, Bluetooth V5.0, IPX5 Water and Sweat Resistance, 420 mAh Charging Case",True Wireless Earbuds,2499.0,4999.0,50.0,2.0,boat-airdopes-283-true-wireless-earbuds,Standard,Airdopes,2022.0,7.0,2.0,6.0,6748361916514.0,5.0,5.0,,False,False,IPX5,14.0,IPX5,,False,,False,,420.0,
179,179,boAt,"boAt Airdopes 311v2 | Wireless Earbuds with Bluetooth v5.0, 6mm Drivers, 12 Hours Playback, Stereo calling",True Wireless Earbuds,1299.0,3490.0,62.8,1.0,boat-airdopes-311v2,Standard,Airdopes,2023.0,3.0,1.0,6.0,6853268045922.0,12.0,5.0,,False,False,,12.0,IPX4,,False,,False,4.0,300.0,
180,180,boAt,boAt Airdopes 381 Sunburn Edition,True Wireless Earbuds,999.0,4999.0,80.0,2.0,boat-airdopes-381-sunburn-edition,Collaboration,Airdopes,2022.0,2.0,2.0,7.0,6657174110306.0,4.0,5.0,,False,False,IPX5,4.0,IPX5,,True,,False,5.0,500.0,
181,181,boAt,boAt Airdopes 383 Sunburn Edition,True Wireless Earbuds,999.0,4999.0,80.0,2.0,boat-airdopes-383-sunburn-edition,Collaboration,Airdopes,2022.0,8.0,2.0,7.0,6768726147170.0,4.0,5.0,,False,False,IPX5,4.0,IPX5,,True,,False,4.6,500.0,
182,182,boAt,"boAt Airdopes 408 | Wireless Earbuds with 10mm drivers, IWP™️ Technology, ENx™️ Technology, Playback Upto 30 Hours",True Wireless Earbuds,999.0,5990.0,83.3,3.0,boat-airdopes-408-wireless-earbuds,Standard,Airdopes,2022.0,7.0,3.0,10.0,6576819175522.0,6.0,5.0,,False,True,IPX4,30.0,IPX4,,True,,False,5.0,320.0,
183,183,boAt,"boAt Airdopes 411 ANC | Netflix Stream Edition Earbuds, Active Noise Cancellation, ENx™️ Technology, Gesture Controls",True Wireless Earbuds,2499.0,4990.0,49.9,3.0,boat-airdopes-411-anc-netflix-stream-edition,Collaboration,Airdopes,2022.0,12.0,3.0,10.0,6824123465826.0,5.5,5.2,25.0,True,True,IPX4,16.0,IPX4,,True,,False,5.0,500.0,
184,184,boAt,"boAt Airdopes 413 ANC | Wireless Earbuds with Noise-Cancelling Earbuds With 10mm Drivers, ASAPTM Charge Technology, ENx™ Technology, Touch Gesture Volume Control",True Wireless Earbuds,1299.0,4990.0,74.0,3.0,boat-airdopes-413-anc,Standard,Airdopes,2022.0,7.0,3.0,10.0,6744348459106.0,5.5,5.2,25.0,True,True,IPX4,20.0,IPX4,,True,,False,5.0,320.0,
185,185,boAt,"boAt Airdopes 433 | Wireless Earbuds with 7mm drivers, IPX4 water resistance, 500mAh Charging Case, Music upto 10 Hours",True Wireless Earbuds,1999.0,5999.0,66.7,3.0,boat-airdopes-433-truly-wireless-earbuds,Standard,Airdopes,2022.0,8.0,3.0,7.0,6576277323874.0,5.0,5.0,,False,False,IPX4,10.0,IPX4,,False,,False,4.5,500.0,
186,186,boAt,boAt Airdopes 441 Sunburn Edition,True Wireless Earbuds,2499.0,5999.0,58.3,2.0,boat-airdopes-441-sunburn-edition,Collaboration,Airdopes,2022.0,2.0,2.0,6.0,6656896467042.0,5.0,5.0,,False,False,IPX7,5.0,IPX7,,False,,False,5.0,500.0,
187,187,boAt,"boAt Airdopes 71 Gen 2 | Earbuds with 45 Hours Playback, ENx™ Technology & Advanced Bluetooth v6.0",True Wireless Earbuds,1099.0,2490.0,55.9,3.0,boat-airdopes-71-gen-2,Standard,Airdopes,2026.0,6.0,3.0,,7703345954914.0,45.0,6.0,,False,True,,45.0,IPX5,45.0,True,,True,4.7,450.0,IPX5
188,188,boAt,"boAt Airdopes 800 | Wireless Earbuds with 40 Hours Playback,Dolby Audio,  BEAST™ Mode, ASAP™ Charge, ENx™ Technology",True Wireless Earbuds,1599.0,6490.0,70.7,4.0,boat-airdopes-800-wireless-earbuds-with-dolby-audio-asap™-charge-iwp™-tech,Standard,Airdopes,2024.0,5.0,4.0,,7124716585058.0,40.0,5.3,,False,True,,40.0,IPX4,,True,,True,4.7,300.0,IPX4
189,189,boAt,"boAt Airdopes Alpha Gen 2 | Wireless Earbuds with 45 Hours Playback, BEAST™ Mode & ENx™ Calling",True Wireless Earbuds,899.0,3990.0,72.5,3.0,boat-airdopes-alpha-gen-2-true-wireless-earbuds,Standard,Airdopes,2025.0,8.0,3.0,13.0,7404376293474.0,45.0,5.4,,False,True,,45.0,IPX4,50.0,True,,True,5.0,300.0,IPX4
190,190,boAt,"boAt Airdopes Atom 83 | True Wireless Earbuds with up to 50 Hours Playtime, Quad Mics with ENx™ Technology, 13mm Drivers, BEAST™ Mode, ASAP™ Charge",True Wireless Earbuds,1099.0,3490.0,68.5,4.0,boat-airdopes-atom-83-earbuds,Standard,Airdopes,2022.0,12.0,4.0,13.0,6827263262818.0,50.0,5.3,,False,True,IPX5,50.0,IPX5,50.0,True,,True,4.8,300.0,
191,191,boAt,boAt Airdopes Plus 214 | TWS Earbuds with 55 Hours Playback & ENx™ Technology,True Wireless Earbuds,1099.0,2990.0,63.2,3.0,boat-airdopes-plus-214,Standard,Airdopes,2026.0,7.0,3.0,10.0,7741914382434.0,8.0,6.0,,False,True,,55.0,IPX4,,True,,False,,400.0,IPX4
192,192,boAt,boAt Airdopes Plus 222 | Wireless Earbuds with 60 Hours Playback & Spatial Audio,True Wireless Earbuds,1099.0,2499.0,56.0,3.0,boat-airdopes-plus-222,Standard,Airdopes,2026.0,7.0,3.0,13.0,7739546533986.0,8.0,6.0,,False,True,,60.0,IPX4,,True,,False,5.0,600.0,
193,193,boAt,boAt Airdopes Plus 223 | TWS Earbuds with 60 Hours Playback & Spatial Audio,True Wireless Earbuds,1199.0,3499.0,65.7,3.0,boat-airdopes-plus-223,Standard,Airdopes,2026.0,7.0,3.0,40.0,7742043357282.0,8.0,6.0,,False,True,,60.0,IPX4,,True,,False,5.0,600.0,
194,194,boAt,boAt Airdopes Plus 224 | TWS Earbuds with 60 Hours Playback & Spatial Audio,True Wireless Earbuds,1199.0,3499.0,65.7,3.0,boat-airdopes-plus-224,Standard,Airdopes,2026.0,7.0,3.0,13.0,7742297931874.0,8.0,6.0,,False,False,,60.0,IPX4,,True,,False,3.8,600.0,
195,195,boAt,"boAt Airdopes Plus 311 | Wireless Earbuds with 50 Hours Playback, Dual Mics with ENx™ Technology, BEAST™ Mode, ASAP™ Charge",True Wireless Earbuds,899.0,3990.0,75.0,4.0,boat-airdopes-plus-311-wireless-earbuds,Standard,Airdopes,2025.0,4.0,4.0,,7331312271458.0,8.5,5.3,,False,True,,50.0,IPX4,,True,,True,4.8,470.0,IPX4
196,196,boAt,boAt Airdopes Plus 421 ANC | TWS Earbuds with 35dB ANC & 55 Hours Playtime,True Wireless Earbuds,1499.0,4999.0,68.0,3.0,boat-airdopes-plus-421-anc,Standard,Airdopes,2026.0,8.0,3.0,,7760491380834.0,8.0,6.0,35.0,True,False,,55.0,IPX4,,True,,False,4.0,400.0,IPX4
197,197,boAt,"boAt Airdopes Prime 413 | Wireless Earbuds with 50 Hours Playback, BEAST™ Mode & Voice Assistant Support",True Wireless Earbuds,1099.0,4490.0,68.8,3.0,boat-airdopes-prime-413,Standard,Airdopes,2025.0,9.0,3.0,,7414405496930.0,8.0,5.4,,False,False,,50.0,IPX5,,True,,True,5.0,500.0,
198,198,boAt,boAt Airdopes Prime 512 | Wireless Earbuds with 50 Hours Playback & 4 Mics with AI-ENx™ Tech,True Wireless Earbuds,1299.0,4990.0,68.0,3.0,boat-airdopes-prime-512,Standard,Airdopes,2026.0,2.0,3.0,,7504381018210.0,8.0,6.1,,False,True,,50.0,IPX4,,True,,False,5.0,500.0,
199,199,boAt,"boAt Airdopes Prime 800D | Dolby Audio, 45 Hours Playback & 100K Crest AI Units",True Wireless Earbuds,1499.0,4599.0,67.4,6.0,boat-airdopes-prime-800d,Standard,Airdopes,2026.0,7.0,6.0,,7753988374626.0,7.5,6.1,,False,False,,45.0,IPX5,,True,,False,4.7,500.0,
200,200,boAt,"boAt Airdopes Prime Supreme | Earbuds with 60H Playback, Quad Mics & boAt Spatial Audio",True Wireless Earbuds,1499.0,4299.0,65.1,3.0,boat-airdopes-prime-supreme,Standard,Airdopes,2026.0,8.0,3.0,,7763814383714.0,8.0,6.1,,False,False,,60.0,IPX5,,True,,False,4.1,500.0,
201,201,boAt,"boAt Airdopes Primo | Wireless Earbuds with 45 Hours Playback, ENx™ Tech, BT v5.3, BEAST™ Mode, ASAP™ Charge",True Wireless Earbuds,1099.0,4490.0,75.5,1.0,boat-airdopes-primo-with-45-hours-playback,Standard,Airdopes,2024.0,11.0,1.0,,7265948368994.0,6.0,5.3,,False,True,,45.0,IPX4,,True,,True,4.1,400.0,
202,202,boAt,boAt Airdopes ProClip SS Edition | Open-Ear Earbuds with 52 Hours Playback & Air Conduction Tech,True Wireless Earbuds,2199.0,4999.0,56.0,3.0,boat-airdopes-proclip-ss-edition,Super Saver,Airdopes,2026.0,9.0,3.0,,7782470680674.0,8.0,6.0,,False,False,,52.0,IPX4,,True,,False,4.8,500.0,
203,203,boAt,"boAt Airdopes ProGear | Wireless Earbuds with 100 Hours Playback, Quad Mics with ENx™ Tech, Air Conduction Tech (Perfect for Outdoor Sports)",True Wireless Earbuds,1999.0,6990.0,71.4,2.0,boat-airdopes-progear,Standard,Airdopes,2024.0,8.0,2.0,,7205351489634.0,100.0,5.3,,False,True,,100.0,IPX5,,True,,False,4.4,600.0,
204,204,boAt,"boAt Airdopes Pulse | Wireless Earbuds with 50H Playback, BEAST™ Mode & ENx™ Calling",True Wireless Earbuds,5990.0,5990.0,0.0,1.0,boat-airdopes-pulse-wireless-earbuds,Standard,Airdopes,2025.0,9.0,1.0,,7418975780962.0,8.0,5.4,,False,True,,50.0,IPX4,,True,,True,5.0,500.0,
205,205,boAt,boAt Airdopes Stride | Open-Ear Earbuds with 50 Hours Playback & Spatial Audio,True Wireless Earbuds,1499.0,4599.0,67.4,2.0,boat-airdopes-stride,Standard,Airdopes,2026.0,7.0,2.0,,7738086981730.0,8.0,6.0,,False,False,,50.0,IPX4,,True,,False,5.0,400.0,
206,206,boAt,boAt Bassheads 152 Sunburn Edition,Wired Earphones,399.0,1299.0,69.3,2.0,boat-bassheads-152-sunburn-edition,Collaboration,Bassheads,2022.0,2.0,2.0,10.0,6656901021794.0,-1.0,-1.0,,False,False,,-1.0,,0.0,False,Single,False,4.9,-1.0,
207,207,boAt,boAt Bassheads 172 Sunburn Edition,Wired Earphones,349.0,1299.0,73.1,2.0,boat-bassheads-172-sunburn-edition,Collaboration,Bassheads,2022.0,2.0,2.0,10.0,6657172242530.0,-1.0,-1.0,,False,False,,-1.0,,0.0,False,Single,False,4.9,-1.0,
208,208,boAt,"Bassheads 180 | Wired Earphones Featured with 10mm Driver, Passive Noise Cancellation, Thumping Bass, boAt Signature Sound",Wired Earphones,399.0,999.0,30.0,6.0,boat-bassheads-180,Standard,Bassheads,2022.0,9.0,6.0,10.0,6773456371810.0,-1.0,-1.0,,False,False,,-1.0,,0.0,False,Single,False,4.8,-1.0,
209,209,boAt,boAt Bassheads 200,Wired Earphones,399.0,999.0,30.0,4.0,boat-bassheads-200,Standard,Bassheads,2022.0,9.0,4.0,10.0,6772575797346.0,-1.0,-1.0,,False,False,,-1.0,,0.0,False,Single,False,4.9,-1.0,
210,210,boAt,"boAt Bassheads 210 | Wired Earphones with 10mm Drivers, Mic & Comfort Fit",Wired Earphones,299.0,599.0,50.1,2.0,boat-bassheads-210-wired-earphones,Standard,Bassheads,2025.0,12.0,2.0,10.0,7404705349730.0,-1.0,-1.0,,False,False,,-1.0,,0.0,False,Single,False,5.0,-1.0,
211,211,boAt,"boAt BassHeads 212L | Wired Earphones with 10mm Drivers, In-Line Mic & 3.5mm L-Shaped Jack",Wired Earphones,449.0,699.0,35.8,2.0,boat-bassheads-212l-wired-earphones-with-10mm-drivers-mic,Standard,Bassheads,2025.0,12.0,2.0,10.0,7455564759138.0,-1.0,-1.0,,False,False,,-1.0,,0.0,False,Single,False,5.0,-1.0,
212,212,boAt,boAt Bassheads 220 MKI,Wired Earphones,499.0,999.0,50.1,5.0,boat-bassheads-220-mki,Standard,Bassheads,2022.0,2.0,5.0,10.0,6662565953634.0,-1.0,-1.0,,False,False,,-1.0,,0.0,False,Single,False,4.8,-1.0,
213,213,boAt,boAt Bassheads 300C | In-Ear Wired Earphones with Type-C Connector & Built-in Mic,Wired Earphones,499.0,999.0,45.0,2.0,boat-bassheads-300c-in-ear-wired-earphones-with-10mm-drivers-mic,Standard,Bassheads,2025.0,9.0,2.0,10.0,7406187216994.0,-1.0,-1.0,,False,False,,-1.0,,0.0,False,Single,False,4.2,-1.0,
214,214,boAt,boAt BassHeads 85 | In-Ear Wired Earphones with 10mm Drivers & Mic,Wired Earphones,419.0,499.0,16.0,2.0,boat-bassheads-85,Standard,Bassheads,2026.0,2.0,2.0,10.0,7406174109794.0,-1.0,-1.0,,False,False,,-1.0,,0.0,False,Single,False,,-1.0,
215,215,boAt,"boAt Immortal 121 | Bluetooth Gaming Wireless Earbuds with BEAST™️ Mode (40ms Low Latency), ASAP™️ Charge, 40 Hours Playback, & Blazing RGB Lights",True Wireless Earbuds,1599.0,3490.0,54.2,2.0,boat-immortal-121-bluetooth-gaming-earbuds,Standard,Immortal,2022.0,12.0,2.0,10.0,6822444040290.0,40.0,5.3,,False,True,IPX4,40.0,IPX4,40.0,True,,True,4.8,400.0,
216,216,boAt,boAt Immortal 1300,Headphones,3499.0,9990.0,65.0,4.0,boat-immortal-1300,Standard,Immortal,2021.0,9.0,4.0,40.0,6597968035938.0,4.0,5.1,,False,False,,33.0,,35.0,False,,True,4.7,,
217,217,boAt,"boAt Immortal 131 | Wireless Gaming Earbuds with 40 Hours Playtime, Clear Calling with ENx™, Low Latency, RGB lights",True Wireless Earbuds,999.0,3490.0,71.4,2.0,boat-immortal-131-wireless-gaming-earbuds,Standard,Immortal,2023.0,1.0,2.0,10.0,6837055979618.0,40.0,5.3,,False,True,IPX4,40.0,IPX4,40.0,True,,True,4.9,400.0,
218,218,boAt,"Nirvana Eutopia - Dhruv Kapoor Edition | Wireless Headphone with 20H Playback, Dual Mics with ENx™ Tech, ASAP™ Charge",Headphones,2499.0,7999.0,68.8,1.0,boat-nirvana-eutopia-dhruv-kapoor-edition,Collaboration,Nirvana,2025.0,2.0,1.0,,7300807524450.0,20.0,5.3,,False,True,,20.0,,,True,,False,4.5,600.0,
219,219,boAt,"boAt Nirvana Ion ANC Limited Edition | Wireless Earbuds with Active Noise Cancellation, ENx™ Technology, 120 Hours Playback, BEAST™ Mode",True Wireless Earbuds,2699.0,11999.0,77.5,1.0,boat-nirvana-ion-anc-limited-edition-wireless-earbuds-with-active-noise-cancellation-enx™-technology-120-hours-playback-beast™-mode,Limited,Nirvana,2024.0,8.0,1.0,,7215191982178.0,24.0,5.2,32.0,True,True,,120.0,IPX4,,True,,True,4.8,600.0,
220,220,boAt,"Nirvana Ivy - Dhruv Kapoor Edition | Wireless Earbuds, 50 Hours Playback, 50dB ANC, boAt Signature Sound",True Wireless Earbuds,2999.0,4999.0,40.0,1.0,boat-nirvana-ivy-dhruv-kapoor-edition,Collaboration,Nirvana,2025.0,2.0,1.0,,7300827086946.0,50.0,5.3,50.0,True,False,,50.0,IPX5,,True,,False,4.5,400.0,
221,221,boAt,"boAt Nirvana Lucid | Wireless Earbuds with Active Noise Cancellation up to 32dB, BEAST™ Mode, 10mm Drivers, ASAP™ Charge",True Wireless Earbuds,1499.0,9999.0,85.0,2.0,boat-nirvana-lucid,Standard,Nirvana,2024.0,12.0,2.0,10.0,7238121422946.0,6.0,5.3,32.0,True,False,,,IPX5,,True,,True,4.8,400.0,
222,222,boAt,"boAt Nirvana Space | TWS Earbuds with boAt 360º Spatial Audio, 32dB Active Noise Cancellation",True Wireless Earbuds,1299.0,7999.0,70.0,5.0,boat-nirvana-space-wireless-earbuds-with-anc,Standard,Nirvana,2024.0,7.0,5.0,,7197097656418.0,5.0,5.3,32.0,True,False,,,IPX4,40.0,True,,False,4.8,400.0,
223,223,boAt,"boAt Nirvana Zenith Pro SS Edition | TWS Earbuds with Spatial Audio, 80H Playback & 50dB Hybrid Adaptive ANC ""Awarded Best TWS by Gadgets 360""",True Wireless Earbuds,2799.0,14990.0,76.0,3.0,boat-nirvana-zenith-pro-ss-edition,Super Saver,Nirvana,2026.0,7.0,3.0,,7757744636002.0,80.0,5.3,50.0,True,False,,80.0,IPX4,,True,,False,4.6,600.0,
224,224,boAt,"boAt Rockerz 113 | Wireless Neckband with ENx™ Tech, 40H Playback, Beast™ Mode, Dual Pairing",Neckband,899.0,2490.0,63.9,2.0,boat-rockerz-113-wireless-neckband-with-beast™-mode,Standard,Rockerz,2025.0,5.0,2.0,,7353034145890.0,40.0,5.3,,False,True,,40.0,IPX5,,True,Dual,True,5.0,600.0,
225,225,boAt,"boAt Rockerz 200 | Wireless Earphone with 40H Playback, ASAP™ Charge, BEAST™ Mode, ENx™ Technology",Neckband,1599.0,2490.0,35.8,2.0,boat-rockerz-200,Standard,Rockerz,2025.0,7.0,2.0,,7392760463458.0,40.0,5.3,,False,True,,10.0,IPX4,,True,Dual,True,4.7,600.0,IPX4
226,226,boAt,"boAt Rockerz 203 | Wireless Neckband with BEAST™ Mode, ENx™ Tech, Dual Pairing & 20H Playback",Neckband,999.0,2790.0,64.2,2.0,boat-rockerz-203-wireless-neckband,Standard,Rockerz,2025.0,7.0,2.0,,7388464283746.0,20.0,5.3,,False,True,,10.0,IPX5,,True,Dual,True,4.2,600.0,IPX5
227,227,boAt,"boAt Rockerz 205 Pro | Bluetooth Earphone with 10mm Drivers, Upto 30 Hour Playback, Lightweight Magnetic Earbuds",Neckband,1999.0,2499.0,20.0,4.0,boat-rockerz-205-pro,Standard,Rockerz,2022.0,7.0,4.0,10.0,6615634640994.0,30.0,5.2,,False,True,IPX5,30.0,IPX5,65.0,True,,False,4.9,400.0,
228,228,boAt,"boAt Rockerz 238 Pro | Wireless  Bluetooth Neckband with Up To 20 Hours Playback, BEAST™ Mode, ENx™ Technology",Neckband,1399.0,1990.0,29.7,3.0,boat-rockerz-238-pro-wireless-bluetooth-neckband-with-up-to-20-hours-playback-beast-mode-enx-technology,Standard,Rockerz,2023.0,3.0,3.0,10.0,6853317525602.0,20.0,5.2,,False,True,IPX5,20.0,IPX5,,True,Dual,True,4.8,400.0,
229,229,boAt,"boAt Rockerz 255 Neo | Wireless Bluetooth Neckband with 12mm*2 Drivers, Upto 25Hrs Playback, Beast Mode & ENx Technology,",Neckband,1299.0,2990.0,56.6,4.0,boat-rockerz-255-neo,Standard,Rockerz,2022.0,3.0,4.0,12.0,6668278431842.0,25.0,5.2,,False,True,IPX6,25.0,IPX6,,True,Dual,True,4.8,400.0,
230,230,boAt,"boAt Rockerz 255 Pro+ | Bluetooth Earphone with 10mm drivers, Up to 60 Hours Nonstop Playback, Type-C charging, ASAP™ Charge",Neckband,999.0,3990.0,72.5,5.0,boat-rockerz-255-pro-plus,Standard,Rockerz,2021.0,2.0,5.0,10.0,4546811920482.0,60.0,5.2,,False,False,IPX7,60.0,IPX7,,True,,True,4.8,600.0,
231,231,boAt,boAt Rockerz 258 Pro+ | Wireless Neckband with 40H Playback & ASAP Charge,Neckband,1499.0,3990.0,62.4,3.0,boat-rockerz-258-pro,Standard,Rockerz,2022.0,7.0,3.0,10.0,6748411986018.0,40.0,5.2,,False,False,IPX7,40.0,IPX7,,True,,False,4.6,150.0,
232,232,boAt,"boAt Rockerz 260 | Wireless Bluetooth Earphone with Insta Wake N' Pair, Quad Mics with ENx Technology & ASAP™ Charge",Neckband,989.0,2499.0,60.4,4.0,boat-rockerz-260-bluetooth-earphones,Standard,Rockerz,2022.0,6.0,4.0,10.0,6717258137698.0,15.0,5.2,,False,True,IPX5,10.0,IPX5,55.0,True,Dual,True,4.9,180.0,
233,233,boAt,"boAt Rockerz 301 ANC | Wireless Neckband Earphones with 40 Hours Playback, 30dB ANC & BEAST™ Mode",Neckband,1299.0,3490.0,57.0,2.0,boat-rockerz-301-anc,Standard,Rockerz,2025.0,9.0,2.0,,7414720233570.0,40.0,5.4,30.0,True,False,IPX5,40.0,IPX5,,True,,True,5.0,150.0,
234,234,boAt,"boAt Rockerz 330 Pro | Wireless Bluetooth Neckband with 10mm Dynamic Drivers, Up to 60 Hours of Playback, ENx Technology",Neckband,1199.0,2990.0,59.9,5.0,boat-rockerz-330-pro,Standard,Rockerz,2021.0,12.0,5.0,10.0,6627962683490.0,60.0,5.2,,False,True,IPX5,60.0,IPX5,,True,,False,4.9,300.0,
235,235,boAt,"boAt Rockerz 351 ANC | Wireless Headphones with 60H Playback, 42dB ANC & 40ms BEAST™ Mode",Neckband,1599.0,4490.0,64.4,3.0,boat-rockerz-351-anc,Standard,Rockerz,2026.0,8.0,3.0,,7766302523490.0,60.0,5.4,42.0,True,False,,60.0,IPX5,40.0,True,Dual,True,3.5,600.0,
236,236,boAt,boAt Rockerz 355 | Wireless Neckband with Qualcomm' aptX™ HD Audio & 20H Playback,Neckband,3099.0,3990.0,22.3,1.0,boat-rockerz-355-wireless-neckband,Standard,Rockerz,2026.0,1.0,1.0,12.0,6845590175842.0,20.0,5.0,,False,False,,10.0,IP66,,True,,False,3.6,200.0,IP66
237,237,boAt,"boAt Rockerz 370 Pro | Wireless Headphones with 40 Hours Playback, Voice Assistant, boAt Signature Sound, BEAST™️ Mode",Headphones,1499.0,2999.0,50.0,3.0,boat-rockerz-370-pro-wireless-headphones-with-40-hours-playback-voice-assistant-boat-signature-sound-beast™️-mode,Standard,Rockerz,2024.0,9.0,3.0,,7224010866786.0,40.0,5.3,,False,False,,40.0,IPX5,,True,,True,4.9,300.0,IPX5
238,238,boAt,"boAt Rockerz 371 | Wireless Neckband Earphones with 50 Hours Playback, BEAST™ Mode & ENx™ Calling",Neckband,1099.0,2999.0,63.4,3.0,boat-rockerz-371,Standard,Rockerz,2025.0,9.0,3.0,,7415557849186.0,50.0,5.4,,False,True,,50.0,IPX4,60.0,True,,True,4.7,250.0,IPX4
239,239,boAt,"boAt Rockerz 412 | Wireless Headphones with 40mm Drivers, BEAST™ Mode, ENx™ Tech & 60H Playback",Neckband,1299.0,2999.0,50.0,2.0,boat-rockerz-412-wireless-headphones,Standard,Rockerz,2025.0,7.0,2.0,40.0,7387715043426.0,60.0,5.4,,False,True,,60.0,IPX4,,True,,True,4.8,300.0,
240,240,boAt,"boAt Rockerz 413 | Wireless Headphones with 40mm Drivers, BEAST™ Mode, ENx™ Tech & 60H Playback",Neckband,1199.0,2990.0,46.5,4.0,boat-rockerz-413-wireless-headphones,Standard,Rockerz,2025.0,7.0,4.0,40.0,7388451274850.0,60.0,5.2,,False,True,,60.0,,,True,Dual,True,5.0,300.0,
241,241,boAt,"boAt Rockerz 421 Gen 2 | Wireless Headphones with 60 Hours Playback, 50mm Drivers & BEAST™ Mode",Headphones,2490.0,2490.0,0.0,3.0,boat-rockerz-421-gen-2,Standard,Rockerz,2026.0,9.0,3.0,50.0,7788964315234.0,60.0,5.4,,False,False,,60.0,IPX4,,True,,True,,400.0,
242,242,boAt,"boAt Rockerz 421 | Wireless Headphones with 40mm Drivers, BEAST™ Mode, ENx™ Tech & 40H Playback",Neckband,1199.0,2490.0,39.8,3.0,boat-rockerz-421-wireless-headphones,Standard,Rockerz,2025.0,7.0,3.0,40.0,7388452520034.0,40.0,5.4,,False,True,,40.0,IPX4,40.0,True,Dual,True,4.7,400.0,
243,243,boAt,"boAt Rockerz 460 | Wireless Headphone with 40mm Drivers, 30 HRS of Playback, ENx™ Technology For Clear Calls, Dual Pairing",Headphones,1299.0,2490.0,47.8,7.0,boat-rockerz-460-wireless-headphone,Standard,Rockerz,2024.0,12.0,7.0,40.0,6724880171106.0,30.0,5.2,,False,True,,30.0,IPX5,,True,Dual,True,4.9,400.0,IPX4
244,244,boAt,boAt Rockerz 460 Naruto Edition | Naruto Series – Wireless Headphones with 30 Hours Playback & BEAST™ Mode,Headphones,1599.0,2490.0,35.8,3.0,boat-rockerz-460-wireless-headphone-naruto-series,Franchise,Rockerz,2025.0,7.0,3.0,,7377054826594.0,30.0,5.0,,False,False,,30.0,,,False,,True,4.7,400.0,
245,245,boAt,"boAt Rockerz 512 ANC | Wireless Headphones with 40dB Hybrid ANC, 80H Playback & boAt Signature Sound",Headphones,2999.0,7990.0,62.5,3.0,boat-rockerz-512-anc,Standard,Rockerz,2025.0,8.0,3.0,,7400384430178.0,80.0,5.4,40.0,True,True,,80.0,IPX5,,True,,False,5.0,400.0,
246,246,boAt,"boAt Rockerz 550 Sunburn Edition | Wireless Headphone with Bluetooth v5.0, 20 Hours Playback, 500mAh battery, 50mm dynamic drivers",Headphones,1999.0,4999.0,60.0,3.0,boat-rockerz-550-sunburn-edition,Collaboration,Rockerz,2022.0,2.0,3.0,50.0,6656902365282.0,20.0,5.0,,False,False,IPX5,20.0,IPX5,,False,,False,4.8,500.0,
247,247,boAt,"boAt Rockerz 650 DC Edition | Bluetooth Headphone with 40mm Dynamic Drivers, 60HRS Playback, ASAP™ Charge, Dual EQ Modes",Headphone,1999.0,3990.0,49.9,1.0,boat-rockerz-650-dc-edition-earbuds,Franchise,Rockerz,2022.0,11.0,1.0,40.0,6749124100194.0,60.0,5.3,,False,False,,60.0,,,True,Dual,False,4.9,800.0,
248,248,boAt,"boAt Rockerz 650 Sunburn Edition | Wireless Headphone with 40mm dynamic drivers, 60H Playback, ASAP Charge, Dual EQ Modes",Headphones,1999.0,4999.0,60.0,3.0,boat-rockerz-650-sunburn-edition,Collaboration,Rockerz,2022.0,8.0,3.0,40.0,6768797417570.0,60.0,5.3,,False,False,,60.0,,,True,Dual,False,4.9,800.0,
249,249,boAt,"boAt Rockerz Apex | Wireless Neckband with Spatial Bionic Sound powered by DIRAC, BEAST™ Mode, Seamless Touch Controls, 30 Hours Playback time",Neckband,979.0,2499.0,60.8,3.0,boat-rockerz-apex-wireless-neckband,Standard,Rockerz,2023.0,2.0,3.0,12.0,6840194072674.0,30.0,5.3,,False,True,IPX4,30.0,IPX4,40.0,True,,True,4.8,180.0,
250,250,boAt,boAt Rockerz Plus 440 | Best-in-Segment Wireless Headphones with Dual Drivers & 60 Hours Playback,Headphones,2199.0,4999.0,56.0,3.0,boat-rockerz-plus-440,Standard,Rockerz,2026.0,7.0,3.0,40.0,7738154287202.0,60.0,5.3,,False,True,,60.0,IPX4,,True,,False,5.0,500.0,
251,251,boAt,"boAt Rockerz Plus 450 ANC | Wireless Headphones with 40dB ANC, 80H Playback & Spatial Audio",Headphones,3099.0,4990.0,37.9,3.0,boat-rockerz-plus-450-anc,Standard,Rockerz,2026.0,5.0,3.0,,7629666549858.0,80.0,6.0,40.0,True,False,,80.0,IPX4,,True,,False,4.2,800.0,
252,252,boAt,"boAt Rockerz Plus 550 | Wireless Headphones with 100H Playback, 50mm Drivers & boAt Signature Sound",Headphones,2199.0,4990.0,55.9,4.0,boat-rockerz-plus-550,Standard,Rockerz,2025.0,8.0,4.0,50.0,7401467543650.0,100.0,5.3,,False,False,,100.0,IPX4,,True,,False,4.5,1000.0,
253,253,boAt,"boAt Rockerz Prime 205 | Wireless Neckband with 50 Hours Playback, Spatial Audio, AI ENx™ Tech, Dual EQs & BEAST™ Mode",Neckband,1199.0,2990.0,59.9,2.0,boat-rockerz-prime-205,Standard,Rockerz,2025.0,8.0,2.0,,7401405907042.0,50.0,5.3,,False,True,,50.0,IPX4,,True,Dual,True,3.9,300.0,
254,254,boAt,"boAt Rockerz Prime 415 | Wireless Headphones with 120H Playback, 40mm Drivers, 360 Spatial Audio & 40ms Low Latency",Headphones,2099.0,3999.0,50.0,2.0,boat-rockerz-prime-415,Standard,Rockerz,2025.0,12.0,2.0,40.0,7456558252130.0,120.0,5.3,,False,True,,120.0,IPX5,40.0,True,,True,4.7,1000.0,IPX5
255,255,boAt,"boAt Rockerz Strive | Wireless Neckband with 30H Playback, 10mm drivers & BEAST™ Mode with 60ms Latency",Neckband,1249.0,4490.0,72.2,2.0,boat-rockerz-strive,Standard,Rockerz,2026.0,2.0,2.0,10.0,7514151288930.0,30.0,5.3,,False,False,,30.0,IPX5,60.0,True,Dual,True,5.0,200.0,
256,256,boAt,"boAt Rockerz Summit | Wireless Earphone with 30H Playback, ASAP™ Charge, Dual Pairing, ENx™ Technology, BEAST™ Mode",Neckband,1199.0,4490.0,73.3,1.0,boat-rockerz-summit-wireless-earphone-with-30h-playback,Standard,Rockerz,2024.0,8.0,1.0,,7224037965922.0,30.0,5.3,,False,True,,10.0,IPX5,,True,Dual,True,4.5,250.0,
257,257,boAt,"boAt Rockerz Trinity Grande | Wireless Neckband with 150 Hours Playback, AI ENx™ Tech, Dual EQs & BEAST™ Mode",Neckband,1499.0,2790.0,46.3,2.0,boat-rockerz-trinity-grande-wireless-neckband-with-150-hours-playback-ai-enx™-tech-dual-eqs-beast™-mode,Standard,Rockerz,2025.0,8.0,2.0,,7401820946530.0,150.0,5.3,,False,True,,150.0,IPX5,,True,Dual,True,4.5,1000.0,
258,258,boAt,"boAt Rockerz Zen ANC | Wireless Neckband Earphones with 40 Hours Playback, 30dB ANC & BEAST™ Mode",Neckband,1999.0,3490.0,42.7,2.0,boat-rockerz-zen-anc-wireless-neckband-earphones,Standard,Rockerz,2026.0,1.0,2.0,,7490783215714.0,40.0,5.3,30.0,True,True,,40.0,IPX5,,True,,True,,300.0,
259,259,boAt,boAt Sailor Play | Kids Wireless Headphones with 85 dB Volume Limit & 60H Playback,Headphones,1599.0,4999.0,64.0,3.0,boat-sailor-play,Standard,Sailor Play,2026.0,7.0,3.0,,7751362773090.0,60.0,5.4,,False,False,,60.0,IPX4,,True,,False,4.6,400.0,
260,260,boAt,"boAt Rockerz 378 | Wireless Bluetooth Earphones with Spatial Bionic Sound tuned by THX®, 10mm Drivers, 25HRS of Nonstop Playback",Neckband,1699.0,2990.0,43.2,4.0,boat-wireless-rockerz-378,Standard,Rockerz,2023.0,1.0,4.0,10.0,6836969963618.0,25.0,5.2,,False,False,IPX5,25.0,IPX5,65.0,True,,True,3.9,200.0,
261,261,Noise,Buds N1 Truly Wireless Earbuds- Deal,True Wireless Earbuds,999.0,3499.0,71.4,4.0,buds-n1-truly-wireless-earbuds,Standard,Buds,2025.0,11.0,4.0,11.0,7507957088343.0,8.0,5.3,,False,True,IPX5,40.0,IPX5,40.0,True,,False,,110.0,
262,262,Noise,Buds Uno Truly Wireless Earbuds - Deal,True Wireless Earbuds,1199.0,3499.0,65.7,3.0,buds-uno-truly-wireless-earbuds,Standard,Buds,2025.0,11.0,3.0,10.0,7507957022807.0,7.0,5.3,,False,True,IPX4,40.0,IPX4,60.0,True,Dual,False,,400.0,
263,263,Noise,Noise Buds VS304 Truly Wireless Earbuds,True Wireless Earbuds,1299.0,2999.0,56.7,2.0,buds-vs304,Standard,Buds,2022.0,9.0,2.0,13.0,6806800269399.0,5.0,5.3,,False,False,IPX5,35.0,IPX4,,False,,False,,400.0,IPX4
264,264,Noise,Buds X ANC Truly Wireless Earbuds - ABHI Marketplace,True Wireless Earbuds,1599.0,5499.0,70.9,2.0,buds-x-anc-truly-wireless-earbuds,Standard,Buds,2026.0,7.0,2.0,13.0,7716367990871.0,5.0,5.3,25.0,True,True,,35.0,IPX4,,True,,False,,400.0,
265,265,Noise,Noise Buds X Prime Truly Wireless Earbuds,True Wireless Earbuds,1599.0,4499.0,64.5,3.0,buds-x-prime-truly-wireless-earbuds,Standard,Buds,2024.0,3.0,3.0,11.0,6912339247191.0,8.0,5.3,,False,True,,120.0,,50.0,True,,False,,400.0,
266,266,boAt,"boAt Immortal 300 | Headphone with 50mm drivers, 3D driverless spatial audio & ENx™ technology, Dual EQ modes and RGB lights",Headphones,1999.0,4990.0,59.9,2.0,https-www-boat-lifestyle-com-products-boat-immortal-300-gaming-headphone,Standard,Immortal,2022.0,11.0,2.0,50.0,6746649329762.0,10.0,-1.0,,False,True,,,IPX4,,False,,True,4.8,1000.0,
267,267,boAt,boAt Immortal 1000D,Headphones,2399.0,5990.0,59.9,3.0,im-1000d,Standard,Immortal,2021.0,7.0,3.0,50.0,6573112164450.0,10.0,-1.0,,False,True,,,IPX4,,False,,True,4.9,1000.0,
268,268,boAt,"boAt Immortal 100 | Bluetooth Gaming Wireless Earbuds with BEAST™ Mode, IWP Technology, ENx™ Technology, 30 Hours Playback",True Wireless Earbuds,1099.0,3299.0,66.7,2.0,immortal-100-gaming-earbuds,Standard,Immortal,2023.0,10.0,2.0,,6907327774818.0,30.0,5.3,,False,True,,30.0,IPX4,,True,,True,4.5,300.0,
269,269,boAt,"boAt Immortal 101 | True Wireless Gaming Earbuds with 30 Hours Playback, Blazing LED Lights, BEAST™️Mode, ASAP™ Charge",True Wireless Earbuds,1599.0,3299.0,51.5,2.0,immortal-101-true-wireless-gaming-earbuds,Standard,Immortal,2023.0,8.0,2.0,10.0,6891464884322.0,30.0,5.3,,False,True,IPX4,30.0,IPX4,40.0,True,,True,4.9,300.0,
270,270,boAt,"boAt Immortal 111 | Bluetooth Gaming Wireless Earbuds with BEAST™️Mode, ENx™ Technology, ASAP™ Charge, Bluetooth v5.3",True Wireless Earbuds,1299.0,3499.0,62.9,2.0,immortal-111-gaming-earbuds,Standard,Immortal,2024.0,1.0,2.0,,6971695792226.0,10.0,5.3,,False,True,,,IPX4,,True,,True,5.0,300.0,
271,271,boAt,"boAt Immortal 125 | Gaming Wireless Earbuds with BEAST™️Mode, 40 Hours Playback, ENx™ Technology, RGB LED lights",True Wireless Earbuds,1799.0,3499.0,48.6,2.0,immortal-125-gaming-earbuds,Standard,Immortal,2023.0,9.0,2.0,10.0,6904324816994.0,10.0,5.3,,False,True,IPX4,40.0,IPX4,40.0,False,,True,4.6,300.0,
272,272,boAt,"boAt Immortal 128 | Gaming Earbuds with Super Low Latency, RGB Lights, BEAST™️ Mode, 40 Hours Playback, ENx™ Technology",True Wireless Earbuds,1499.0,3490.0,57.0,2.0,immortal-128-gaming-earbuds,Standard,Immortal,2023.0,6.0,2.0,,6875837988962.0,40.0,5.3,,False,True,IPX4,40.0,IPX4,40.0,False,,True,4.8,300.0,
273,273,boAt,"boAt Immortal 150 | Wireless Earbuds with BEAST™ Mode, 40 Hours Playback, ASAP™ Charge, LED Lights",True Wireless Earbuds,1299.0,3499.0,62.9,2.0,immortal-150-gaming-earbuds,Standard,Immortal,2023.0,6.0,2.0,10.0,6876346351714.0,40.0,5.3,,False,True,IPX4,40.0,IPX4,40.0,True,,True,4.9,400.0,
274,274,boAt,"boAt Immortal 158 | Bluetooth Gaming Wireless Earbuds with BEAST™Mode, ENx™ with Quad Mics, ASAP™ Charge",True Wireless Earbuds,1399.0,3499.0,60.0,2.0,immortal-158-gaming-earbuds,Standard,Immortal,2024.0,6.0,2.0,,7174290899042.0,10.0,5.3,,False,True,,,IPX4,,True,,True,4.7,400.0,
275,275,boAt,"boAt Immortal 161 | Bluetooth Gaming Wireless Earbuds with BEAST™️Mode, ASAP™️ Charge, RGB lights",True Wireless Earbuds,1299.0,3499.0,62.9,2.0,immortal-161-gaming-earbuds,Standard,Immortal,2023.0,8.0,2.0,13.0,6890933125218.0,10.0,5.3,,False,True,IPX4,40.0,IPX4,40.0,True,,True,4.9,400.0,
276,276,boAt,"boAt Immortal 170 | Bluetooth Gaming Wireless Earbuds with BEAST™️Mode, ASAP™️ Charge, 40 Hours Playback, ENx™ Technology",True Wireless Earbuds,1849.0,3499.0,47.2,2.0,immortal-170-gaming-earbuds,Standard,Immortal,2023.0,9.0,2.0,,6897424105570.0,40.0,5.3,,False,True,IPX4,40.0,IPX4,40.0,True,,True,4.7,400.0,
277,277,boAt,"boAt Immortal 171 | Wireless Gaming Earbuds 40ms Low Latency with BEAST™ Mode, 40 Hours Gameplay, IPX5 Water, BT v5.3",True Wireless Earbuds,1349.0,3499.0,61.4,2.0,immortal-171-wireless-gaming-earbuds,Standard,Immortal,2023.0,7.0,2.0,10.0,6884108927074.0,40.0,5.3,,False,True,IPX5,40.0,IPX5,40.0,False,,True,4.8,400.0,
278,278,boAt,"boAt Immortal 181 | Gaming Wireless Earbuds with 40 Hours Playback, BEAST™️Mode, ASAP™️ Charge, ENx™ Technology",True Wireless Earbuds,1299.0,3499.0,62.9,2.0,immortal-181-gaming-earbuds,Standard,Immortal,2023.0,9.0,2.0,,6899134038114.0,40.0,5.3,,False,True,,40.0,IPX4,,True,,True,4.8,400.0,
279,279,boAt,boAt Immortal 200,Headphones,1899.0,4990.0,61.9,4.0,immortal-200,Standard,Immortal,2021.0,7.0,4.0,50.0,6573232128098.0,10.0,-1.0,,False,True,,,,,False,,True,4.7,400.0,
280,280,boAt,"boAt Immortal 201 | Bluetooth Gaming Wireless Earbuds with 40ms BEAST™ Mode, Real RGB Lights, boAt Signature Sound",True Wireless Earbuds,2699.0,3499.0,22.9,2.0,immortal-201-gaming-earbuds,Standard,Immortal,2024.0,1.0,2.0,,6969708806242.0,10.0,5.3,,False,False,,,IPX4,40.0,True,,True,4.9,400.0,
281,281,boAt,boAt Immortal 400,Headphones,2359.0,6990.0,66.3,1.0,immortal-400,Standard,Immortal,2022.0,1.0,1.0,50.0,6649225085026.0,10.0,-1.0,,False,True,,,,,False,,True,4.7,400.0,
282,282,boAt,"boAt Immortal 700 | Gaming Headphone with 7.1 Channel, 50mm drivers, RGB LED Modes, ENxTM Technology",Headphones,2799.0,6990.0,60.0,1.0,immortal-700,Standard,Immortal,2022.0,1.0,1.0,50.0,6648669634658.0,10.0,-1.0,,False,True,,,IPX4,,False,,True,4.7,400.0,
283,283,boAt,"boAt Immortal Airspeed Pro | Bluetooth Gaming Wireless Earbuds with 40ms BEAST™ Mode, Up to 32dB ANC, ENx™ Tech",True Wireless Earbuds,1999.0,6990.0,71.4,2.0,immortal-airspeed-pro-gaming-earbuds,Standard,Immortal,2024.0,7.0,2.0,,7204722901090.0,6.0,5.3,32.0,True,True,,,IPX4,40.0,True,,True,4.5,380.0,
284,284,boAt,"boAt Immortal katana Blade 2.0 | Bluetooth Gaming Wireless Earbuds with BEAST™Mode, Dynamic RGB LEDs, 70 Hours Playback",True Wireless Earbuds,2299.0,4999.0,56.0,2.0,immortal-katana-2-0-blade-gaming-earbuds,Standard,Immortal,2026.0,1.0,2.0,,7268532551778.0,70.0,5.3,,False,False,,70.0,IPX4,40.0,True,,True,4.8,720.0,
285,285,boAt,"boAt Immortal Katana Blade | Bluetooth Gaming Wireless Earbuds with 50 Hours Playback, Dynamic RGB LEDs, BEAST™️Mode",True Wireless Earbuds,2299.0,3999.0,42.5,4.0,immortal-katana-blade-gaming-earbuds,Standard,Immortal,2023.0,11.0,4.0,,6907323318370.0,50.0,5.3,,False,False,,50.0,IPX4,,True,,True,,500.0,
286,286,boAt,"boAt Nirvanaa 1007ANC | Noise Cancelling Headphone with 40mm Dynamic Drivers, 30 Hours Playback, SmartWave™️ Technology",Headphones,2999.0,19999.0,85.0,1.0,nirvana-1007-anc,Standard,Nirvana,2020.0,10.0,1.0,40.0,4510882922594.0,30.0,5.0,35.0,True,False,,30.0,,,False,,False,4.5,700.0,
287,287,boAt,"boAt Nirvana 525ANC | Wireless Earphone with Dolby Audio, Hybrid ANC of 42 dB, Adaptive EQ Modes",Neckband,2799.0,4990.0,43.9,3.0,nirvana-525-anc-earphone,Standard,Nirvana,2023.0,5.0,3.0,11.0,6872322670690.0,5.0,5.2,42.0,True,False,IPX5,30.0,IPX5,40.0,True,,False,,180.0,
288,288,boAt,"boAt Nirvanaa 717 ANC | Wireless Headphone with Bluetooth v5.0, 40mm drivers, Active Noise Cancellation",Headphones,3499.0,7990.0,56.2,1.0,nirvana-717-anc,Standard,Nirvana,2022.0,10.0,1.0,40.0,4247668228194.0,10.0,5.0,20.0,True,False,IPX4,15.0,IPX4,,False,,False,4.7,500.0,
289,289,boAt,"boAt Nirvana 751 ANC | Wireless Headphone with 40 mm drivers, 65 Hours (54 Hours with ANC), Type C, Dual Compatibility",Headphones,3299.0,7990.0,51.2,3.0,nirvana-751-anc-headphone,Standard,Nirvana,2026.0,1.0,3.0,40.0,6650542030946.0,65.0,5.0,32.0,True,False,,65.0,,,True,Dual,False,4.2,1000.0,
290,290,boAt,"Nirvana CE-1Nirvana CE-1 | Wired Earphones with 10mm Dynamic Drivers, In-built noise isolation mic, Hawk-inspired Design",Wired Earphones,1099.0,1990.0,44.8,1.0,nirvana-ce-1,Standard,Nirvana,2022.0,9.0,1.0,10.0,4513650901090.0,-1.0,-1.0,,False,False,,-1.0,,40.0,False,Single,False,,-1.0,
291,291,boAt,"boAt Nirvana Crown | Smart TWS Earbuds with Haptic Enabled Case, 50dB Hybrid ANC & Spatial Audio",True Wireless Earbuds,1799.0,9990.0,70.0,3.0,nirvana-crown-tws-earbuds,Standard,Nirvana,2026.0,1.0,3.0,,7481577209954.0,50.0,6.0,50.0,True,False,,,IPX4,,True,Dual,False,3.0,470.0,
292,292,boAt,"boAt Nirvana Crystl | Wireless Earbuds with 100 Hours Playback, Upto 32dB ANC, BEAST™ Mode, Adaptive EQ by Mimi",True Wireless Earbuds,1999.0,10990.0,79.1,4.0,nirvana-crystl-wireless-earbuds,Standard,Nirvana,2025.0,3.0,4.0,,7318915219554.0,100.0,5.3,32.0,True,False,,100.0,IPX4,,True,Dual,True,4.7,480.0,
293,293,boAt,Nirvana Eutopia 2 ANC | Wireless Headphones with 45dB Adaptive Hybrid ANC & 80 Hours Playback,Headphone,5999.0,9990.0,39.9,2.0,nirvana-eutopia-2-anc,Standard,Nirvana,2026.0,7.0,2.0,10.0,7738042548322.0,80.0,5.4,45.0,True,True,,80.0,IPX4,,True,,False,,800.0,
294,294,boAt,"boAt Nirvana Eutopia | Wireless Headphone with 20H Playback, Dual Mics with ENx™ Tech, ASAP™ Charge",Headphones,4499.0,7490.0,39.9,2.0,nirvana-eutopia-headphone,Standard,Nirvana,2024.0,3.0,2.0,,7032829739106.0,20.0,5.2,,False,True,,20.0,,65.0,True,,False,,600.0,
295,295,boAt,"boAt Nirvana Ion ANC | Wireless Earbuds with Active Noise Cancellation, ENx™ Technology, 120 Hours Playback and 100K Crest AI Units",True Wireless Earbuds,2999.0,9990.0,81.0,14.0,nirvana-ion-anc-earbuds,Standard,Nirvana,2023.0,12.0,14.0,,6953496182882.0,120.0,5.2,32.0,True,True,,120.0,IPX4,,True,,False,,600.0,
296,296,boAt,"boAt Nirvana Ion ANC Pro | Wireless Earbuds with 32dB ANC, 120 Hours Playback, Dual EQ Modes, LDAC technology, BEAST™ Mode",True Wireless Earbuds,449.0,13990.0,84.3,5.0,nirvana-ion-anc-pro-earbuds,Standard,Nirvana,2024.0,11.0,5.0,,7237644255330.0,120.0,5.3,32.0,True,False,,120.0,IPX4,,True,,True,4.2,600.0,
297,297,boAt,"boAt Nirvana ION ANC Limited Edition | Bluetooth Earbuds with Active Noise Cancellation, ENx™ Technology, 120 Hours Playback, BEAST™ Mode",True Wireless Earbuds,2699.0,11990.0,77.5,2.0,nirvana-ion-anc-special-edition-earbuds,Limited,Nirvana,2024.0,4.0,2.0,,7067994456162.0,120.0,5.3,32.0,True,True,,120.0,IPX4,,True,,True,4.8,600.0,
298,298,boAt,"boAt Nirvana Ion | Bluetooth Wireless Earbuds with Crystal Bionic Sound powered by HiFi®️ DSP, 120 Hours Playback, Dual EQ Modes, Quad Mics with ENx™ Technology",True Wireless Earbuds,3999.0,7990.0,77.5,4.0,nirvana-ion-bluetooth-wireless-earbuds,Standard,Nirvana,2023.0,3.0,4.0,10.0,6851283746914.0,24.0,5.2,,False,True,IPX4,120.0,IPX4,60.0,True,,False,,600.0,
299,299,boAt,"boAt Nirvana Iris | Wireless Earbuds with 32dB ANC, 120 Hours Playback, Multipoint Connectivity, BEAST™ Mode",True Wireless Earbuds,4599.0,9990.0,54.0,2.0,nirvana-iris-anc-earbuds,Standard,Nirvana,2024.0,12.0,2.0,,7268939432034.0,120.0,5.3,32.0,True,False,,120.0,IPX4,,True,Dual,True,,600.0,
300,300,boAt,"boAt Nirvana Ivy Pro | Wireless Earbuds with Dolby Head Tracking, 50H Playback, 52dB ANC & Adaptive EQ by Mimi",True Wireless Earbuds,4399.0,17990.0,70.0,8.0,nirvana-ivy-pro-wireless-earbuds,Standard,Nirvana,2025.0,7.0,8.0,,7378280185954.0,50.0,5.3,52.0,True,False,,50.0,IPX4,,True,,False,4.7,400.0,
301,301,boAt,"boAt Nirvana Ivy | Wireless Earbuds, 50 Hours Playback, 50dB ANC, 360 Spatial Audio with Head Tracking, App Support, Adaptive EQ powered by Mimi, Google fast pair, ASAP Charge,  boAt Signature Sound",True Wireless Earbuds,2299.0,17999.0,87.2,6.0,nirvana-ivy-wireless-earbuds,Standard,Nirvana,2024.0,9.0,6.0,,7226107035746.0,50.0,5.3,50.0,True,False,,50.0,IPX5,,True,Dual,False,,400.0,
302,302,boAt,"boAt Nirvana Nebula | Wireless Earbuds with ANC up to 35dB, Dolby Audio, boAt Signature Sound, BEAST™ Mode",True Wireless Earbuds,2999.0,12990.0,76.9,2.0,nirvana-nebula-anc-earbuds,Standard,Nirvana,2024.0,5.0,2.0,,7135495782498.0,35.0,5.3,35.0,True,False,,,IPX4,,True,,True,,500.0,
303,303,boAt,"boAt Nirvanaa Uno | Wired Earphone with Mic, 8mm Drivers, Superior Coated Cable, 3.5mm Angled Jack, Secure Fit",Wired Earphones,449.0,1990.0,77.4,2.0,nirvana-uno,Standard,Nirvana,2022.0,9.0,1.0,8.0,1994163159138.0,-1.0,-1.0,,False,False,,-1.0,,0.0,False,Single,False,,-1.0,
304,304,boAt,"boAt Nirvana X TWS | Wireless Earbuds with Knowles dual drivers, Hi-Res Audio LDAC, 40 Hours Playback, boAt Hi-Fi Sound, ENx™ Technology, Dual Pairing",True Wireless Earbuds,2399.0,8990.0,73.3,4.0,nirvana-x-wireless-earbuds,Standard,Nirvana,2025.0,2.0,4.0,,7292005318754.0,40.0,5.3,,False,True,,40.0,IPX4,,True,Dual,False,4.5,400.0,
305,305,boAt,"boAt Nirvana Zenith | Wireless Earbuds with ANC up to 50dB, 6x Mics with AI ENx™ Tech, Bluetooth v5.3, 50 Hours Playback",True Wireless Earbuds,3999.0,17990.0,77.8,2.0,nirvana-zenith-anc-earbuds,Standard,Nirvana,2024.0,5.0,2.0,,7135579373666.0,50.0,5.3,50.0,True,True,,50.0,IPX5,,True,,False,4.6,600.0,
306,306,boAt,"boAt Nirvana Zenith Pro | Wireless Earbuds with Spatial Audio, 80H Playback & 50dB Hybrid Adaptive ANC ""Awarded Best TWS by Gadgets 360""",True Wireless Earbuds,3199.0,14990.0,78.7,3.0,nirvana-zenith-pro-wireless-earphones,Standard,Nirvana,2025.0,7.0,3.0,,7378341527650.0,80.0,5.4,50.0,True,False,,80.0,IPX4,,True,Dual,False,4.6,600.0,
307,307,boAt,"boAt Nirvanaa DUO | Stylish Hawk-Inspired Design Wired Earphones with 10mm Dynamic Dual Driver, Super Extra Bass",Wired Earphones,899.0,2990.0,69.9,1.0,nirvanaa-duo,Standard,Nirvana,2022.0,9.0,1.0,10.0,4513651032162.0,-1.0,-1.0,,False,False,,-1.0,,0.0,False,Single,False,,-1.0,
308,308,Noise,Airwave Max 4 Wireless Headphone,Headphones,1999.0,5999.0,66.7,3.0,noise-4-wireless-headphone,Standard,Airwave,2024.0,6.0,3.0,40.0,7217409491031.0,10.0,5.3,,False,True,IPX5,70.0,IPX5,40.0,True,Dual,True,4.76,400.0,
309,309,Noise,Noise Air Buds 2 - Truly Wireless Earbuds,True Wireless Earbuds,1699.0,4999.0,66.0,1.0,noise-air-buds-2-truly-wireless-earbuds,Standard,Buds,2022.0,10.0,1.0,13.0,6827287969879.0,6.0,5.3,,False,True,,40.0,IPX4,,True,,False,4.74,400.0,
310,310,Noise,Noise Air Buds 3 - Truly Wireless Earbuds,True Wireless Earbuds,1099.0,4499.0,75.6,2.0,noise-air-buds-3-truly-wireless-earbuds,Standard,Buds,2023.0,9.0,2.0,13.0,6904828395607.0,7.0,5.3,,False,True,,45.0,IPX5,45.0,False,,True,,400.0,
311,311,Noise,Noise Air Buds 6 - Truly Wireless Earbuds,True Wireless Earbuds,2999.0,3499.0,14.3,3.0,noise-air-buds-6-truly-wireless-earbuds,Standard,Buds,2024.0,12.0,3.0,,7335224049751.0,8.0,5.3,32.0,True,False,,50.0,IPX5,,True,,False,4.73,500.0,
312,312,Noise,Noise Air Buds Mini 2 - Truly Wireless Earbuds,True Wireless Earbuds,1399.0,2499.0,44.0,4.0,noise-air-buds-mini-2-truly-wireless-earbuds,Standard,Buds,2023.0,7.0,4.0,13.0,6891146543191.0,7.0,5.3,,False,True,IPX4,45.0,IPX5,,True,,False,4.0,300.0,
313,313,Noise,Noise Air Buds Mini - Truly Wireless Earbuds,True Wireless Earbuds,1499.0,2999.0,50.0,3.0,noise-air-buds-mini-truly-wireless-earbuds,Standard,Buds,2021.0,5.0,3.0,14.2,6562263760983.0,3.5,5.0,,False,True,IPX4,15.0,IPX4,,False,,False,4.52,300.0,
314,314,Noise,Noise Air Buds Nano - Truly Wireless Earbuds,True Wireless Earbuds,999.0,2999.0,66.7,2.0,noise-air-buds-nano-truly-wireless-earbuds,Standard,Buds,2021.0,10.0,2.0,14.2,6597649596503.0,6.0,5.3,,False,False,,15.0,IPX5,,False,,False,5.0,400.0,
315,315,Noise,Noise Air Buds+ Truly Wireless Earbuds,True Wireless Earbuds,1499.0,5999.0,75.0,2.0,noise-air-buds-plus-truly-wireless-earbuds,Standard,Buds,2021.0,7.0,2.0,6.0,6577792024663.0,4.0,5.0,,False,True,IPX4,8.0,IPX4,,True,,False,,300.0,
316,316,Noise,Noise Air Buds Pro 2 ANC Earbud,True Wireless Earbuds,2699.0,7999.0,66.3,2.0,noise-air-buds-pro-2-active-noise-cancellation,Standard,Buds,2022.0,9.0,2.0,10.0,6792820424791.0,5.0,5.2,40.0,True,True,IPX5,25.0,IPX5,,True,,False,4.61,500.0,
317,317,Noise,Noise Air Buds Pro 3 Earbuds,True Wireless Earbuds,1999.0,5499.0,63.6,4.0,noise-air-buds-pro-3-earbuds,Standard,Buds,2023.0,9.0,4.0,13.0,6901966864471.0,7.0,5.3,30.0,True,True,IPX5,45.0,IPX5,45.0,True,,False,,400.0,
318,318,Noise,Noise Air Buds Pro 4 Earbuds,True Wireless Earbuds,2499.0,5499.0,54.6,4.0,noise-air-buds-pro-4-earbuds,Standard,Buds,2024.0,9.0,4.0,10.0,7286412247127.0,8.0,5.4,40.0,True,True,IPX5,50.0,IPX5,,True,,False,4.93,500.0,
319,319,Noise,Noise Air Buds Pro 6 Earbuds,True Wireless Earbuds,3499.0,3999.0,12.5,3.0,noise-air-buds-pro-6-earbuds,Standard,Buds,2025.0,3.0,3.0,10.0,7335224868951.0,7.0,5.3,49.0,True,False,IPX5,20.0,IPX5,,True,Dual,False,4.68,500.0,
320,320,Noise,Noise Air Buds Pro SE Earbuds,True Wireless Earbuds,1499.0,5499.0,72.7,2.0,noise-air-buds-pro-se-earbuds,Standard,Buds,2023.0,9.0,2.0,13.0,6912077234263.0,7.5,5.3,30.0,True,False,IPX5,45.0,IPX5,,True,,False,4.89,400.0,
321,321,Noise,Noise Air Buds - Truly Wireless Earbuds,True Wireless Earbuds,2299.0,5999.0,61.7,2.0,noise-air-buds-truly-wireless-earbuds,Standard,Buds,2024.0,3.0,2.0,,4662446227543.0,4.0,5.0,,False,False,,20.0,,,False,,False,,500.0,
322,322,Noise,Noise Air Clips 2 OWS Open Ear Headphone,True Wireless Earbuds,2999.0,3999.0,25.0,3.0,noise-air-clips-2-ows-open-ear-headphone,Standard,Air Clips,2025.0,7.0,3.0,12.0,7444512309335.0,6.5,5.3,,True,False,IPX5,40.0,IPX5,,True,Dual,False,4.7,200.0,
323,323,Noise,Noise Air Clips OWS Open Ear Headphone,True Wireless Earbuds,2599.0,3999.0,35.0,3.0,noise-air-clips-ows-open-ear-headphone,Standard,Air Clips,2024.0,11.0,3.0,12.0,7326495604823.0,5.0,5.0,,False,False,IPX4,40.0,IPX4,,True,Dual,False,4.77,200.0,
324,324,Noise,Noise Air Clips Pro OWS Open Ear Headphone,True Wireless Earbuds,3499.0,4499.0,22.2,3.0,noise-air-clips-pro-ows-open-ear-headphone,Standard,Air Clips,2026.0,4.0,3.0,11.0,7616865108055.0,6.0,5.3,,True,True,IPX4,50.0,IPX4,,True,Dual,False,4.81,400.0,
325,325,Noise,Noise Airwave Crest Bluetooth Wireless Neckband Earphones - ABHI Marketplace,Neckband,1199.0,2999.0,60.0,4.0,noise-airwave-crest-bluetooth-wireless-neckband-earphones,Standard,Airwave,2026.0,7.0,4.0,,7716375363671.0,50.0,5.3,,False,False,,,,,True,,False,,,
326,326,Noise,Noise Airwave Max 2 Wireless Headphone,Headphones,1499.0,2999.0,50.0,3.0,noise-airwave-max-2-wireless-headphone,Standard,Airwave,2026.0,8.0,3.0,40.0,7741126475863.0,10.0,5.3,,False,False,IPX4,50.0,,,True,Dual,False,,500.0,
327,327,Noise,Noise Airwave Max 5 Headphone,Headphone,4499.0,5999.0,25.0,4.0,noise-airwave-max-5-headphone,Standard,Airwave,2025.0,1.0,4.0,40.0,7335225458775.0,80.0,5.0,50.0,True,False,IPX5,80.0,IPX5,30.0,True,Dual,False,4.76,600.0,
328,328,Noise,Noise Airwave Max 6 Headphone,Headphone,6499.0,6999.0,7.1,4.0,noise-airwave-max-6-headphone,Standard,Airwave,2026.0,2.0,4.0,40.0,7582342905943.0,80.0,5.3,45.0,True,True,IPX5,120.0,IPX5,85.0,True,Dual,True,4.74,600.0,
329,329,Noise,Airwave Max 3 Wireless Headphone,Headphones,1999.0,5499.0,63.6,3.0,noise-airwave-max-three-wireless-headphone,Standard,Airwave,2023.0,11.0,3.0,40.0,6943329058903.0,70.0,5.3,,False,False,IPX5,70.0,IPX5,45.0,True,Dual,True,4.73,600.0,
330,330,Noise,Noise Airwave Max XR Wireless Headphone,Headphones,3499.0,4999.0,30.0,4.0,noise-airwave-max-xr-wireless-headphone,Standard,Airwave,2025.0,11.0,4.0,40.0,7506535284823.0,120.0,5.3,22.0,True,False,IPX4,120.0,IPX4,85.0,True,Dual,True,,750.0,
331,331,Noise,Noise Airwave Neckband Earphones,Neckband,1099.0,2499.0,56.0,4.0,noise-airwave-neckband-earphones,Standard,Airwave,2024.0,1.0,4.0,10.0,6978208038999.0,50.0,5.0,,False,True,IPX5,50.0,IPX5,50.0,True,,False,5.0,200.0,
332,332,Noise,Noise Airwave Neckband Earphones - Telegram Exclusive,Neckband,1699.0,2499.0,32.0,4.0,noise-airwave-neckband-earphones-telegram-exclusive,Standard,Airwave,2024.0,8.0,4.0,10.0,7274859102295.0,50.0,5.0,,False,True,IPX5,50.0,IPX5,50.0,True,,False,,,
333,333,Noise,Noise Airwave Pro Neckband Earphones,Neckband,1499.0,3999.0,62.5,4.0,noise-airwave-pro-neckband-earphones,Standard,Airwave,2024.0,7.0,4.0,13.0,7258608140375.0,60.0,5.0,32.0,True,True,IPX5,60.0,IPX5,40.0,True,Dual,False,4.7,200.0,
334,334,Noise,Noise Alt Buds Open Truly Wireless Bluetooth Earbuds,True Wireless Earbuds,4499.0,4499.0,0.0,4.0,noise-alt-buds-open-truly-wireless-bluetooth-earbuds,Standard,Buds,2026.0,6.0,4.0,13.0,7668625211479.0,7.0,5.3,,False,True,IPX5,35.0,IPX5,,True,,True,4.85,400.0,
335,335,Noise,Noise ALT Buds (S) Truly Wireless Bluetooth Earbuds,True Wireless Earbuds,999.0,1899.0,5.3,4.0,noise-alt-buds-s-truly-wireless-bluetooth-earbuds,Standard,Buds,2026.0,7.0,4.0,11.0,7688194490455.0,7.0,5.3,,False,True,IPX5,45.0,IPX5,,True,Dual,True,,300.0,
336,336,Noise,Noise ALT Buds Truly Wireless Bluetooth Earbuds,True Wireless Earbuds,1599.0,2299.0,0.0,2.0,noise-alt-buds-truly-wireless-bluetooth-earbuds,Standard,Buds,2026.0,7.0,2.0,,7688206843991.0,6.0,5.3,35.0,True,True,,45.0,IPX5,,True,,True,,300.0,
337,337,Noise,Noise ALT Clip OWS Earclips,True Wireless Earbuds,1499.0,4499.0,0.0,4.0,noise-alt-clip,Standard,Air Clips,2026.0,5.0,4.0,11.0,7659291344983.0,6.0,5.3,,False,True,IPX5,28.0,IPX5,,True,Dual,False,,350.0,
338,338,Noise,Noise Aura Buds Truly Wireless Earbuds,True Wireless Earbuds,1499.0,4499.0,66.7,3.0,noise-aura-buds-truly-wireless-earbuds,Standard,Buds,2023.0,11.0,3.0,11.0,6943313428567.0,8.0,5.1,,False,True,IPX5,60.0,IPX5,50.0,True,Dual,True,,500.0,
339,339,Noise,"Noise Aura Buds in-Ear Truly Wireless Earbuds with 60H of Playtime, Quad Mic with ENC, Dual Device Pairing, Instacharge (10 min = 150 min), 12mm Polymer Composite Driver, BT v5.3",True Wireless Earbuds,1599.0,4499.0,64.5,3.0,noise-aura-buds-truly-wireless-earbuds-ondc-partner-exclusive,Standard,Buds,2024.0,3.0,3.0,12.0,7024680665175.0,8.0,5.3,,False,True,IPX5,60.0,IPX5,50.0,True,Dual,False,,400.0,
340,340,Noise,Noise Beads Truly Wireless Earbuds,True Wireless Earbuds,1299.0,3499.0,62.9,1.0,noise-beads-truly-wireless-earbuds,Standard,Beads,2021.0,12.0,1.0,6.0,6670430568535.0,4.0,5.1,25.0,True,False,IPX5,4.0,IPX5,,False,,False,,300.0,
341,341,Noise,Noise Blaze Bluetooth Wireless Neckband Earphones with Mic- OS,Neckband,999.0,1999.0,50.0,2.0,noise-blaze-bluetooth-wireless-neckband-earphones-with-mic-os,Standard,Blaze,2024.0,2.0,2.0,,7003598356567.0,20.0,5.3,,False,False,,,,,True,,False,,,
342,342,Noise,Bravo Neckband,Neckband,1099.0,2799.0,60.7,3.0,noise-bravo-bt-neckband-earphones-with-mic,Standard,Bravo,2022.0,6.0,3.0,10.0,6765365592151.0,35.0,5.3,,False,False,,,,,True,,False,,,
343,343,Noise,Noise Bravo Neckband Earphones with Mic - Partner Deal Store,Neckband,999.0,2799.0,64.3,3.0,noise-bravo-neckband-earphones-with-mic-partner-deal-store,Standard,Bravo,2023.0,3.0,3.0,10.0,6868339556439.0,35.0,5.3,,False,False,,,,,True,,False,,,
344,344,Noise,Noise Buds Ace Truly Wireless Earbuds,True Wireless Earbuds,1399.0,3499.0,60.0,3.0,noise-buds-ace-truly-wireless-earbuds,Standard,Buds,2022.0,6.0,3.0,13.0,6765371228247.0,6.0,5.3,,False,False,,24.0,IPX4,,True,,False,5.0,400.0,
345,345,Noise,Noise Buds Aero Truly Wireless Earbuds,True Wireless Earbuds,999.0,2999.0,66.7,4.0,noise-buds-aero-truly-wireless-earbuds,Standard,Buds,2023.0,7.0,4.0,13.0,6890164060247.0,7.0,5.1,,False,False,IPX5,45.0,IPX5,50.0,True,,False,4.9,400.0,
346,346,Noise,Noise Buds Apex Truly Wireless Bluetooth Earbuds - Blue Tokai,True Wireless Earbuds,2999.0,2999.0,0.0,3.0,noise-buds-apex-truly-wireless-bluetooth-earbuds-blue-tokai,Standard,Buds,2025.0,10.0,3.0,10.0,7492134469719.0,8.0,5.3,,False,True,IPX5,50.0,IPX5,,True,Dual,False,,350.0,
347,347,Noise,Noise Buds Combat Wireless Earbuds,True Wireless Earbuds,1299.0,3999.0,67.5,3.0,noise-buds-combat-truly-wireless-earbuds,Standard,Buds,2023.0,1.0,3.0,13.0,6850726625367.0,8.0,5.3,,False,True,,45.0,IPX5,,True,,True,,500.0,
348,348,Noise,Noise Buds Combat X Truly Wireless Earbuds,True Wireless Earbuds,1599.0,3999.0,60.0,4.0,noise-buds-combat-x-truly-wireless-earbuds,Standard,Buds,2024.0,1.0,4.0,10.0,6943327453271.0,7.0,5.3,,False,True,,60.0,IPX5,40.0,True,,True,,500.0,
349,349,Noise,Noise Buds Combat Z Wireless Earbuds,True Wireless Earbuds,1499.0,3999.0,62.5,3.0,noise-buds-combat-z-wireless-earbuds,Standard,Buds,2023.0,8.0,3.0,10.0,6901962113111.0,8.0,5.3,,False,True,,50.0,IPX5,,True,,True,5.0,500.0,
350,350,Noise,"Buds Combat Z In-Ear Truly Wireless Gaming Earbuds with 35ms Low Latency, 50H of Playtime, Instacharge (10 min = 120 min), 10mm Driver,BT v5.3",True Wireless Earbuds,999.0,3999.0,75.0,3.0,noise-buds-combat-z-wireless-earbuds-ondc-partner-exclusive,Standard,Buds,2024.0,3.0,3.0,10.0,7024680730711.0,8.0,5.3,,False,True,,50.0,IPX5,35.0,True,,True,,500.0,IPX5
351,351,Noise,Noise Buds Connect 2 Truly Wireless Earbuds,True Wireless Earbuds,1499.0,3999.0,62.5,4.0,noise-buds-connect-2-truly-wireless-earbuds,Standard,Buds,2024.0,11.0,4.0,10.0,7286400122967.0,8.0,5.3,,False,True,IPX5,50.0,IPX5,40.0,True,Dual,False,,400.0,
352,352,Noise,Noise Buds Connect 3 Truly Wireless Earbuds,True Wireless Earbuds,1499.0,3999.0,62.5,4.0,noise-buds-connect-3-truly-wireless-earbuds,Standard,Buds,2026.0,3.0,4.0,,7612531638359.0,8.0,5.4,,False,True,IPX4,50.0,,,True,Dual,True,,500.0,
353,353,Noise,Noise Buds Connect Truly Wireless Earbuds,True Wireless Earbuds,1099.0,3999.0,72.5,3.0,noise-buds-connect-truly-wireless-earbuds,Standard,Buds,2023.0,2.0,3.0,13.0,6854361022551.0,8.0,5.2,,False,True,IPX5,50.0,IPX5,,True,,False,,400.0,
354,354,Noise,Noise Buds E1 Truly Wireless Earbuds,True Wireless Earbuds,1399.0,3499.0,60.0,3.0,noise-buds-e1-truly-wireless-earbuds,Standard,Buds,2025.0,12.0,3.0,,7527351124055.0,8.0,5.3,,False,True,,,IPX5,,True,,False,,300.0,
355,355,Noise,Noise Buds Evoke Truly Wireless Earbuds,True Wireless Earbuds,1599.0,3499.0,54.3,3.0,noise-buds-evoke-truly-wireless-earbuds,Standard,Buds,2025.0,9.0,3.0,10.0,7480745721943.0,6.0,5.3,,False,True,,40.0,IPX4,,True,,False,,400.0,
356,356,Noise,Noise Buds Explore Truly Wireless Earbuds,True Wireless Earbuds,1399.0,3999.0,65.0,4.0,noise-buds-explore-truly-wireless-earbuds,Standard,Buds,2023.0,10.0,4.0,,6921268559959.0,8.0,5.3,,False,True,,50.0,IPX5,,True,,False,,300.0,
357,357,Noise,Noise Buds F1 Truly Wireless Bluetooth Earbuds,True Wireless Earbuds,1299.0,3499.0,62.9,4.0,noise-buds-f1-truly-wireless-bluetooth-earbuds,Standard,Buds,2025.0,6.0,4.0,,7428253745239.0,8.0,5.3,,False,True,,50.0,,,True,,False,,400.0,
358,358,Noise,Noise Buds Marine Truly Wireless Bluetooth Earbuds,True Wireless Earbuds,1999.0,3999.0,50.0,2.0,noise-buds-marine-truly-wireless-bluetooth-earbuds,Standard,Buds,2025.0,6.0,2.0,13.0,7433168715863.0,8.0,5.3,32.0,True,True,IPX5,35.0,IPX5,,True,Dual,True,4.71,500.0,
359,359,Noise,Noise Buds Mini Truly Wireless Earbuds,True Wireless Earbuds,999.0,2999.0,66.7,4.0,noise-buds-mini-truly-wireless-earbuds,Standard,Buds,2026.0,4.0,4.0,,7618301362263.0,6.0,5.3,,False,False,,,IPX4,,False,,False,,300.0,
360,360,Noise,Noise Buds MVP102 Truly Wireless Earbuds,True Wireless Earbuds,1399.0,2999.0,53.4,4.0,noise-buds-mvp102-truly-wireless-earbuds,Standard,Buds,2024.0,9.0,4.0,11.0,7283118702679.0,6.0,5.3,,False,True,IPX5,60.0,IPX5,,True,,False,5.0,500.0,
361,361,Noise,Noise Buds N1 Pro Truly Wireless Earbuds,True Wireless Earbuds,1499.0,4999.0,70.0,4.0,noise-buds-n1-pro-truly-wireless-earbuds,Standard,Buds,2024.0,8.0,4.0,11.0,7268713365591.0,10.0,5.3,32.0,True,False,IPX5,60.0,IPX5,40.0,True,,True,4.9,400.0,
362,362,Noise,Noise Buds N1 Truly Wireless Earbuds,True Wireless Earbuds,1199.0,3499.0,71.4,4.0,noise-buds-n1-truly-wireless-earbuds,Standard,Buds,2024.0,2.0,4.0,11.0,6993971773527.0,6.0,5.1,,False,True,IPX5,40.0,IPX5,40.0,True,,True,4.73,400.0,
363,363,Noise,Noise Buds N2 Pro Truly Wireless Bluetooth Earbuds,True Wireless Earbuds,1499.0,4999.0,64.0,5.0,noise-buds-n2-pro-truly-wireless-bluetooth-earbuds,Standard,Buds,2025.0,12.0,5.0,10.0,7527594590295.0,7.0,5.3,32.0,True,True,IPX5,70.0,IPX5,,True,Dual,False,4.78,400.0,
364,364,Noise,Noise Buds NEO Truly Wireless Earbuds,True Wireless Earbuds,999.0,2999.0,66.7,5.0,noise-buds-neo-truly-wireless-earbuds,Standard,Buds,2025.0,12.0,5.0,10.0,7538606407767.0,7.0,5.0,,False,True,IPX5,50.0,IPX5,,False,,False,,400.0,
365,365,Noise,Noise Buds Nero Truly Wireless Earbuds,True Wireless Earbuds,999.0,3499.0,71.4,5.0,noise-buds-nero-truly-wireless-earbuds,Standard,Buds,2024.0,11.0,5.0,14.2,7286552658007.0,8.0,5.3,,False,True,IPX4,45.0,IPX5,35.0,True,,False,,400.0,
366,366,Noise,Noise Buds Play Truly Wireless Earbuds,True Wireless Earbuds,1399.0,2999.0,60.0,5.0,noise-buds-play-truly-wireless-earbuds,Standard,Buds,2026.0,3.0,5.0,13.0,7594043375703.0,5.0,5.0,,False,False,IPX4,40.0,IPX4,,True,,False,4.31,400.0,
367,367,Noise,Noise Buds R1 Truly Wireless Earbuds,True Wireless Earbuds,1399.0,2999.0,53.4,4.0,noise-buds-r1-truly-wireless-earbuds,Standard,Buds,2024.0,5.0,4.0,11.0,7137775419479.0,8.0,5.1,,False,True,IPX5,35.0,IPX5,,True,,False,,300.0,
368,368,Noise,Noise Buds Trance 2 Wireless Earbuds,True Wireless Earbuds,1199.0,2999.0,60.0,5.0,noise-buds-trance-2-wireless-earbuds,Standard,Buds,2024.0,10.0,5.0,6.0,7286538502231.0,7.0,5.0,,False,True,IPX5,45.0,IPX5,40.0,True,,True,4.0,500.0,
369,369,Noise,Noise Buds Trance Wireless Earbuds,True Wireless Earbuds,999.0,2499.0,60.0,5.0,noise-buds-trance-wireless-earbuds,Standard,Buds,2023.0,6.0,5.0,6.0,6885525258327.0,7.0,5.0,,False,True,IPX5,45.0,IPX5,40.0,True,,True,,500.0,
370,370,Noise,"Noise Buds Trance with 45 Hrs Playtime, Low Latency (up to 40ms), HyperSync, and IPX5 Bluetooth Headset",True Wireless Earbuds,999.0,2499.0,60.0,5.0,noise-buds-trance-wireless-earbuds-ondc-partner-exclusive,Standard,Buds,2024.0,3.0,5.0,6.0,7024680796247.0,45.0,5.3,,False,False,IPX5,45.0,IPX5,40.0,True,,True,,400.0,
371,371,Noise,Noise Buds Trooper Truly Wireless Earbuds,True Wireless Earbuds,999.0,2999.0,66.7,4.0,noise-buds-trooper-truly-wireless-earbuds,Standard,Buds,2024.0,11.0,4.0,13.0,7286387769431.0,7.0,5.3,,False,True,IPX5,40.0,IPX5,40.0,True,,False,5.0,500.0,
372,372,Noise,Noise Buds Uno Truly Wireless Earbuds,True Wireless Earbuds,1699.0,3499.0,65.7,3.0,noise-buds-uno-truly-wireless-earbuds,Standard,Buds,2025.0,2.0,3.0,10.0,7372520423511.0,7.0,5.1,,False,True,IPX5,40.0,IPX5,50.0,True,Dual,False,4.86,400.0,
373,373,Noise,Noise Buds Vector Truly Wireless Earbuds,True Wireless Earbuds,1499.0,4499.0,66.7,3.0,noise-buds-vector-truly-wireless-earbuds,Standard,Buds,2026.0,2.0,3.0,11.0,7587148103767.0,8.0,5.0,,False,False,,40.0,IPX4,,True,,False,4.69,400.0,
374,374,Noise,Noise Buds Venus Truly Wireless Earbuds,True Wireless Earbuds,1899.0,5499.0,65.5,4.0,noise-buds-venus-truly-wireless-earbuds,Standard,Buds,2023.0,7.0,4.0,10.0,6894067286103.0,7.0,5.3,30.0,True,False,IPX5,40.0,IPX5,45.0,True,,True,,400.0,
375,375,Noise,Noise Buds Verve 2 Truly Wireless Earbuds,True Wireless Earbuds,1499.0,3999.0,62.5,4.0,noise-buds-verve-2-truly-wireless-earbuds,Standard,Buds,2024.0,9.0,4.0,13.0,7286351593559.0,8.0,5.0,,False,True,IPX4,50.0,IPX5,,True,,False,,400.0,
376,376,Noise,Noise Buds Verve Truly Wireless Earbuds,True Wireless Earbuds,1499.0,3999.0,62.5,3.0,noise-buds-verve-truly-wireless-earbuds,Standard,Buds,2023.0,6.0,3.0,13.0,6882232991831.0,7.0,5.3,,False,True,IPX5,45.0,IPX5,,True,,False,,400.0,
377,377,Noise,Noise Buds VS102 Elite Truly Wireless Earbuds,True Wireless Earbuds,1099.0,3499.0,68.6,5.0,noise-buds-vs102-elite-truly-wireless-earbuds,Standard,Buds,2024.0,6.0,5.0,11.0,7217415422039.0,8.0,5.3,,False,True,IPX5,50.0,IPX5,50.0,True,,True,,300.0,
378,378,Noise,Noise Buds VS102 Neo Truly Wireless Earbuds,True Wireless Earbuds,1099.0,3499.0,68.6,5.0,noise-buds-vs102-neo-truly-wireless-earbuds,Standard,Buds,2023.0,8.0,5.0,11.0,6898771132503.0,3.5,5.3,,False,True,IPX5,40.0,IPX5,,True,,False,4.0,300.0,
379,379,Noise,Noise Buds VS102+ Truly Wireless Earbuds,True Wireless Earbuds,1499.0,3999.0,62.5,4.0,noise-buds-vs102-plus,Standard,Buds,2022.0,8.0,4.0,11.0,6798806155351.0,7.0,5.3,,False,True,IPX5,70.0,IPX5,,True,,False,4.58,400.0,
380,380,Noise,Noise Buds VS102 Pro Truly Wireless Earbuds,True Wireless Earbuds,1499.0,4999.0,70.0,5.0,noise-buds-vs102-pro-truly-wireless-earbuds,Standard,Buds,2023.0,1.0,5.0,11.0,6848588054615.0,7.0,5.3,25.0,True,True,IPX5,70.0,IPX5,40.0,True,,True,4.79,400.0,
381,381,Noise,Noise Buds VS102 Pro Truly Wireless Earbuds - Black,True Wireless Earbuds,4999.0,4999.0,0.0,1.0,noise-buds-vs102-pro-truly-wireless-earbuds-black,Standard,Buds,2025.0,11.0,1.0,11.0,7523643555927.0,7.0,5.3,25.0,True,True,IPX5,70.0,IPX5,40.0,True,,True,,400.0,
382,382,Noise,Noise Buds VS102 Truly Wireless Earbuds,True Wireless Earbuds,1299.0,2999.0,56.7,4.0,noise-buds-vs102-truly-wireless-bt-earbuds,Standard,Buds,2021.0,8.0,4.0,11.0,6586476363863.0,3.5,5.1,,False,True,IPX5,16.0,IPX5,,False,,False,,400.0,
383,383,Noise,"Noise Buds VS102 with 50 Hrs Playtime, 11mm Driver, IPX5 and Unique Flybird Design Bluetooth Headset",True Wireless Earbuds,1299.0,2999.0,56.7,4.0,noise-buds-vs102-truly-wireless-earbuds-ondc-partner-exclusive,Standard,Buds,2024.0,3.0,4.0,11.0,7024681189463.0,3.5,5.1,,False,False,IPX5,50.0,IPX5,,False,,False,4.67,400.0,
384,384,Noise,Noise Buds VS103 Pro Truly Wireless Earbuds,True Wireless Earbuds,1999.0,5499.0,63.6,3.0,noise-buds-vs103-pro-truly-wireless-earbuds,Standard,Buds,2023.0,6.0,3.0,10.0,6885114806359.0,8.0,5.3,25.0,True,False,IPX5,40.0,IPX5,,True,,True,,400.0,
385,385,Noise,Noise Buds VS103 Truly Wireless Earbuds,True Wireless Earbuds,1099.0,2999.0,63.4,2.0,noise-buds-vs103-truly-wireless-bt-earbuds,Standard,Buds,2021.0,12.0,2.0,10.0,6582220750935.0,4.5,5.3,,False,False,IPX5,18.0,IPX5,,False,,False,,400.0,
386,386,Noise,Noise Buds VS104 Max Truly Wireless Earbuds,True Wireless Earbuds,1499.0,4999.0,70.0,3.0,noise-buds-vs104-max-truly-wireless-earbuds,Standard,Buds,2023.0,7.0,3.0,13.0,6897030725719.0,5.0,5.3,25.0,True,True,IPX5,45.0,IPX5,,True,,True,4.91,440.0,
387,387,Noise,Noise Buds VS104 Pro Truly Wireless Earbuds,True Wireless Earbuds,1599.0,4999.0,68.0,3.0,noise-buds-vs104-pro-truly-wireless-earbuds,Standard,Buds,2023.0,4.0,3.0,14.2,6815548473431.0,5.0,5.3,,False,True,IPX5,40.0,IPX5,,True,,False,4.63,300.0,
388,388,Noise,Noise Buds VS104 Truly Wireless Earbuds,True Wireless Earbuds,1099.0,3499.0,68.6,4.0,noise-buds-vs104-truly-wireless-bt-earbuds,Standard,Buds,2023.0,7.0,4.0,13.0,6767047639127.0,6.0,5.2,,False,True,IPX5,32.0,IPX5,,True,,True,4.56,300.0,
389,389,Noise,Noise Buds VS106 Truly Wireless Earbuds,True Wireless Earbuds,1099.0,4499.0,75.6,3.0,noise-buds-vs106-truly-wireless-earbuds,Standard,Buds,2023.0,8.0,3.0,10.0,6899140624471.0,8.0,5.3,,False,True,IPX5,50.0,IPX5,40.0,True,,True,4.5,380.0,
390,390,Noise,Noise Buds VS201 Truly Wireless Earbuds,True Wireless Earbuds,999.0,2999.0,66.7,3.0,noise-buds-vs201-truly-wireless-bt-earbuds,Standard,Buds,2021.0,7.0,3.0,6.0,6571010031703.0,6.0,5.1,,False,True,IPX5,14.0,IPX5,,False,,False,4.71,300.0,
391,391,Noise,Noise Buds VS202 Truly Wireless Earbuds,True Wireless Earbuds,1199.0,3499.0,65.7,4.0,noise-buds-vs202-truly-wireless-bt-earbuds,Standard,Buds,2022.0,2.0,4.0,13.0,6691266363479.0,6.0,5.3,,False,False,IPX4,24.0,IPX4,,True,,False,4.6,300.0,
392,392,Noise,Noise Buds VS204 Truly Wireless Earbuds,True Wireless Earbuds,1599.0,3999.0,60.0,4.0,noise-buds-vs204-truly-wireless-earbuds,Standard,Buds,2022.0,9.0,4.0,13.0,6806792208471.0,6.0,5.3,,False,True,IPX5,10.0,IPX4,,True,,False,4.88,400.0,
393,393,Noise,Noise Buds VS303 Truly Wireless Earbuds,True Wireless Earbuds,1399.0,3499.0,60.0,2.0,noise-buds-vs303-truly-wireless-bt-earbuds,Standard,Buds,2021.0,9.0,2.0,13.0,6597643468887.0,8.0,5.0,,False,False,IPX4,24.0,IPX4,,False,,False,,400.0,
394,394,Noise,Noise Buds VS401 Truly Wireless Earbuds,True Wireless Earbuds,1399.0,3499.0,60.0,4.0,noise-buds-vs401-truly-wireless-earbuds,Standard,Buds,2023.0,5.0,4.0,10.0,6883143843927.0,8.0,5.3,,False,True,IPX5,50.0,IPX5,,True,,True,,400.0,
395,395,Noise,Noise Buds VS402 Truly Wireless Earbuds,True Wireless Earbuds,1399.0,3999.0,65.0,2.0,noise-buds-vs402-truly-wireless-earbuds,Standard,Buds,2022.0,9.0,2.0,10.0,6792816590935.0,6.0,5.3,,False,True,IPX5,50.0,IPX5,,True,,True,4.78,400.0,
396,396,Noise,"Noise Buds VS404 with 50 Hours Playtime, ENC with Quad Mic, 3 EQ modes Bluetooth Headset",True Wireless Earbuds,899.0,3499.0,74.3,3.0,noise-buds-vs404-truly-wireless-earbuds-ondc-partner-exclusive,Standard,Buds,2024.0,3.0,3.0,10.0,7024681254999.0,8.0,5.3,,False,True,,50.0,IPX5,45.0,True,,True,,400.0,
397,397,Noise,Noise Buds VS501 Truly Wireless Bluetooth Earbuds - Forest Green,Neckband,2999.0,2999.0,0.0,1.0,noise-buds-vs501-truly-wireless-bluetooth-earbuds-forest-green,Standard,Buds,2025.0,11.0,1.0,10.0,7516149219415.0,8.0,5.3,,False,True,IPX5,50.0,IPX5,40.0,True,Dual,False,,400.0,
398,398,Noise,Noise Buds VS601 Truly Wireless Bluetooth Earbuds,True Wireless Earbuds,1099.0,3999.0,65.0,5.0,noise-buds-vs601-truly-wireless-bluetooth-earbuds,Standard,Buds,2025.0,4.0,5.0,,7393724825687.0,8.0,5.3,,False,True,,50.0,IPX5,,True,Dual,False,,400.0,
399,399,Noise,Buds X ANC Truly Wireless Earbuds,True Wireless Earbuds,1699.0,5499.0,69.1,2.0,noise-buds-x-anc-truly-wireless-earbuds,Standard,Buds,2023.0,2.0,2.0,13.0,6859652628567.0,5.0,5.3,25.0,True,True,,35.0,IPX4,,True,,False,4.72,400.0,
400,400,Noise,"Noise Buds X Prime in-Ear Truly Wireless Earbuds with 120H of Playtime, Quad Mic with ENC, Instacharge (10 min = 200 min),Premium Dual Tone Finish, 11mm Driver, BT v5.3",True Wireless Earbuds,1799.0,4499.0,60.0,3.0,noise-buds-x-prime-truly-wireless-earbuds-ondc-partner-exclusive,Standard,Buds,2024.0,3.0,3.0,11.0,7024680566871.0,8.0,5.3,,False,True,,120.0,IPX5,50.0,True,,False,4.91,400.0,
401,401,Noise,Noise Buds X Ultra,True Wireless Earbuds,1799.0,4499.0,60.0,4.0,noise-buds-x-ultra-truly-wireless-bluetooth-earbuds,Standard,Buds,2025.0,5.0,4.0,,7393725251671.0,5.0,5.3,45.0,True,False,,,IPX5,,True,Dual,True,4.58,400.0,
402,402,Noise,Noise Buds X2 Truly Wireless Bluetooth Earbuds,True Wireless Earbuds,1599.0,4499.0,64.5,4.0,noise-buds-x2-truly-wireless-bluetooth-earbuds,Standard,Buds,2025.0,5.0,4.0,10.0,7418627129431.0,8.0,5.3,32.0,True,True,IPX5,140.0,IPX5,,True,Dual,False,4.85,300.0,
403,403,Noise,Noise Buds Xero Truly Wireless Earbuds,True Wireless Earbuds,3999.0,6999.0,42.9,3.0,noise-buds-xero-truly-wireless-earbuds,Standard,Buds,2024.0,1.0,3.0,12.4,6943326830679.0,6.0,5.3,50.0,True,False,IPX5,50.0,,50.0,True,,False,4.87,460.0,
404,404,Noise,Noise Chord 100 Type-C Wired Earphone,Wired Earphones,499.0,999.0,50.1,2.0,noise-chord-100-type-c-wired-earphone,Standard,Chord,,,2.0,10.0,7703219470423.0,-1.0,-1.0,,False,False,,-1.0,,0.0,False,Single,False,,-1.0,
405,405,Noise,Noise Chord 200 Type-C Wired Earphone,Wired Earphones,599.0,999.0,40.0,2.0,noise-chord-200-type-c-wired-earphone,Standard,Chord,,,2.0,13.0,7703222190167.0,-1.0,-1.0,,False,False,,-1.0,,0.0,False,Single,False,,-1.0,
406,406,Noise,Noise Clutch HP-P01 Gaming Headphone,Headphones,5499.0,5499.0,0.0,3.0,noise-clutch-hp-p01-gaming-headphone,Standard,Clutch HP-P01,2026.0,8.0,3.0,50.0,7723641438295.0,20.0,6.0,,False,False,,40.0,,24.0,False,,True,,,
407,407,Noise,Noise Combat Wireless Gaming Neckband Earphones with Mic,Neckband,1999.0,3999.0,50.0,1.0,noise-combat-bt-wireless-gaming-neckband-earphones-with-mic,Standard,Combat,2022.0,1.0,1.0,10.0,6691268493399.0,25.0,5.3,,False,True,IPX5,25.0,,45.0,True,,True,4.89,,
408,408,Noise,Noise Flair Touch Wireless Neckband,Neckband,1599.0,3999.0,60.0,4.0,noise-flair-touch-bt-wireless-neckband,Standard,Flair,2024.0,7.0,4.0,10.0,6552459313239.0,35.0,5.0,,False,True,IPX5,35.0,,,True,Dual,False,4.65,,
409,409,Noise,Noise Flair XL Wireless Neckband,Neckband,1599.0,3999.0,60.0,4.0,noise-flair-xl-bt-wireless-neckband,Standard,Flair,2022.0,6.0,4.0,10.0,6770639372375.0,80.0,5.0,,False,False,IPX5,80.0,,,True,Dual,False,4.67,,
410,410,Noise,Noise Go Buds Truly Wireless Earbuds,True Wireless Earbuds,1199.0,2999.0,60.0,4.0,noise-go-buds-truly-wireless-earbuds,Standard,Buds,2026.0,4.0,4.0,,7618632777815.0,8.0,5.3,,False,True,,40.0,,,True,,False,,300.0,
411,411,Noise,Noise X KableOne Headphones,Headphones,5999.0,5999.0,0.0,1.0,noise-kableone-wireless-headphone-exclusive,Standard,X KableOne,2024.0,8.0,1.0,40.0,7265969340503.0,15.0,5.3,,False,False,IPX5,50.0,IPX5,45.0,False,Dual,False,,,
412,412,Noise,Noise Master Buds 2 Truly Wireless Bluetooth Earbuds,True Wireless Earbuds,1299.0,9999.0,10.0,3.0,noise-master-buds-2-truly-wireless-bluetooth-earbuds,Standard,Buds,2026.0,3.0,3.0,10.0,7587189391447.0,6.0,5.4,51.0,True,True,IPX5,30.0,IPX5,,True,Dual,False,,300.0,
413,413,Noise,Noise Master Buds Max Wireless Headphone,Headphone,1399.0,11999.0,16.7,3.0,noise-master-buds-max-wireless-headphone,Standard,Buds,2025.0,10.0,3.0,40.0,7475335757911.0,30.0,5.4,40.0,True,True,IPX4,60.0,IPX4,,True,Dual,False,4.82,,
414,414,Noise,Noise Master Buds Truly Wireless Earbuds,True Wireless Earbuds,5999.0,7999.0,25.0,5.0,noise-master-buds-truly-wireless-earbuds,Standard,Buds,2025.0,1.0,5.0,12.4,7364277764183.0,6.0,5.3,49.0,True,False,,,IPX5,,True,Dual,False,,300.0,
415,415,Noise,Noise Master Buds Truly Wireless Earbuds - Special Edition,True Wireless Earbuds,5999.0,7999.0,25.0,1.0,noise-master-buds-truly-wireless-earbuds-special-edition,Special,Buds,2025.0,12.0,1.0,,7535021850711.0,6.0,5.3,49.0,True,False,,,IPX5,,False,Dual,False,,300.0,
416,416,Noise,Noise Nerve Neckband Earphones with Mic,Neckband,999.0,2499.0,60.0,4.0,noise-nerve-bt-neckband-earphones-with-mic,Standard,Nerve,2021.0,10.0,4.0,10.0,6599593263191.0,25.0,5.0,,False,False,IPX5,25.0,IPX5,,True,Dual,False,,,
417,417,Noise,Noise Nerve Pro Neckband Earphones with Mic,Neckband,1199.0,2799.0,57.2,3.0,noise-nerve-pro-bt-neckband-earphones-with-mic,Standard,Nerve,2022.0,7.0,3.0,10.0,6772259029079.0,30.0,5.0,,False,False,IPX5,35.0,,,True,Dual,False,,,
418,418,Noise,Noise Pop Buds Truly Wireless Earbuds,True Wireless Earbuds,1099.0,3499.0,68.6,4.0,noise-pop-buds-truly-wireless-earbuds,Standard,Buds,2024.0,4.0,4.0,10.0,7110172115031.0,8.0,5.3,,False,True,IPX5,50.0,IPX5,,False,,False,,,
419,419,Noise,Noise Powr Wireless Headphone,Headphones,1699.0,3999.0,57.5,1.0,noise-powr-wireless-headphone,Standard,Powr,2025.0,2.0,1.0,40.0,6662120603735.0,25.0,5.0,,False,False,IPX4,8.0,,,True,Dual,False,,,
420,420,Noise,Noise Pure Pods 2 Open Ear Headphones,True Wireless Earbuds,3499.0,4999.0,30.0,2.0,noise-pure-pods-2-open-ear-headphones,Standard,Pure Pods,2026.0,5.0,2.0,14.2,7636829044823.0,20.0,5.4,,False,True,IPX5,80.0,IPX5,,True,Dual,False,,,
421,421,Noise,Noise Pure Pods Open Ear Headphones,True Wireless Earbuds,1999.0,6999.0,71.4,2.0,noise-pure-pods-open-ear-headphones,Standard,Pure Pods,2023.0,12.0,2.0,16.0,6943328239703.0,20.0,5.0,,False,True,IPX4,80.0,IPX4,,True,,False,4.84,,
422,422,Noise,Noise Sense Neckband Earphones with Mic,Neckband,999.0,2499.0,60.0,2.0,noise-sense-bt-neckband-earphones-with-mic,Standard,Sense,2024.0,2.0,2.0,10.0,6628658774103.0,20.0,5.0,,False,False,IPX5,25.0,IPX5,,True,Dual,False,,,
423,423,Noise,Noise Tune Active Pro Neckband Earphones,Neckband,1299.0,2999.0,56.7,4.0,noise-tune-active-pro-bt-neckband-earphones,Standard,Tune,2024.0,2.0,4.0,,6763905253463.0,50.0,5.0,,False,False,,60.0,,,True,,False,,,
424,424,Noise,Noise Tune Elite Sport Neckband Earphones with Mic,Neckband,1099.0,2499.0,56.0,4.0,noise-tune-elite-sport-bt-neckband-earphones-with-mic,Standard,Tune,2022.0,8.0,4.0,10.0,4663811014743.0,6.0,5.0,,False,False,IPX4,10.0,IPX4,,False,,False,,,
425,425,Noise,Noise Tune LITE Bluetooth Wireless Neckband Earphones with Mic- OS,Neckband,999.0,1999.0,50.0,1.0,noise-tune-lite-bluetooth-wireless-neckband-earphones-with-mic-os,Standard,Tune,2024.0,2.0,1.0,,7001436487767.0,10.0,5.0,,False,False,,,,,True,,False,,,
426,426,Noise,Noise Tune Sport 2 Neckband Earphones with Mic,Neckband,699.0,1999.0,65.0,4.0,noise-tune-sport-2-bt-neckband-earphones-with-mic,Standard,Tune,2022.0,8.0,4.0,10.0,4663803609175.0,50.0,5.0,,False,False,IPX4,6.0,IPX4,,True,,False,,,
427,427,Noise,Noise TWO Wireless Headphone,Headphones,1799.0,4999.0,66.0,3.0,noise-two-wireless-headphone,Standard,TWO,2023.0,6.0,3.0,40.0,6889278472279.0,25.0,5.3,,False,False,IPX4,50.0,IPX5,40.0,True,Dual,False,4.71,,
428,428,Noise,Noise View Buds Truly Wireless Earbuds,True Wireless Earbuds,2499.0,6999.0,64.3,4.0,noise-view-buds-truly-wireless-earbuds,Standard,Buds,2025.0,6.0,4.0,14.2,7286375415895.0,8.0,5.3,,True,True,IPX4,15.0,,,False,,False,4.6,,
429,429,Noise,Noise Xtreme Neckband Earphones,Neckband,1499.0,3999.0,62.5,1.0,noise-xtreme-neckband-earphones-with-mic,Standard,Xtreme,2024.0,2.0,1.0,10.0,6792838774871.0,100.0,5.0,,False,False,IPX5,100.0,IPX5,,True,Dual,True,,,
430,430,boAt,"boAt Rockerz 103 Pro | Wireless Earphones with 10 mm Drivers, Single Press Voice Assistant, Up To 20 Hours Uninterrupted, ENx™ Technology",Neckband,2099.0,2490.0,61.5,4.0,rockerz-103-pro-in-ear-wireless-earphones,Standard,Rockerz,2022.0,6.0,4.0,10.0,6719191580770.0,15.0,5.3,,False,True,IPX4,20.0,IPX4,40.0,True,,False,4.9,150.0,
431,431,boAt,"boAt Rockerz 103 V2 Pro | Bluetooth Earbuds with Upto 30 Hours Playback, ENx™️ Technology, ASAP™️ Charge",Neckband,1199.0,3490.0,71.4,3.0,rockerz-103-v2-pro-bluetooth-earbuds,Standard,Rockerz,2023.0,10.0,3.0,10.0,6914643984482.0,30.0,5.2,,False,True,IPX5,30.0,IPX5,60.0,True,Dual,True,4.8,180.0,
432,432,boAt,"boAt Rockerz 109 | Wireless Earphone with 40H Playback, ASAP™ Charge, BEAST™ Mode, ENx™ Technology",Neckband,1399.0,2490.0,53.9,3.0,rockerz-109-wireless-earphone,Standard,Rockerz,2023.0,8.0,3.0,10.0,6890894557282.0,40.0,5.3,,False,True,IPX5,40.0,IPX5,40.0,True,,True,4.7,210.0,
433,433,boAt,"boAt Rockerz 110 | Wireless Earphone with 40H Playback, ASAP™ Charge, Dual Pairing, ENx™ Technology, BEAST™ Mode",Neckband,1499.0,2490.0,63.9,3.0,rockerz-110,Standard,Rockerz,2023.0,11.0,3.0,,6921151905890.0,40.0,5.3,,False,True,,10.0,,,True,Dual,True,4.8,210.0,
434,434,boAt,"boAt Rockerz 111 | Wireless Neckband with 40H Playback, ASAP™ Charge, Dual Pairing, ENx™ Technology",Neckband,1299.0,2490.0,47.8,3.0,rockerz-111-neckband,Standard,Rockerz,2023.0,9.0,3.0,,6897925390434.0,40.0,5.3,,False,True,,40.0,,,True,Dual,False,4.7,210.0,
435,435,boAt,"boAt Rockerz 112 | Wireless Neckband with Beast™ Mode, 40H Playback, ENx™ Tech, Dual Pairing",Neckband,1499.0,2490.0,59.9,2.0,rockerz-112-wireless-neckband,Standard,Rockerz,2025.0,5.0,2.0,,7353012682850.0,40.0,5.3,,False,True,,40.0,,,True,Dual,True,,,
436,436,boAt,"boAt Rockerz 150 Pro | Wireless Neckband with BEAST™️ Mode, Crystal Bionic Sound Powered by HiFi DSP5, AI ENx™️ Technology",Neckband,999.0,3990.0,75.0,2.0,rockerz-150-pro-bluetooth-neckband,Standard,Rockerz,2024.0,9.0,2.0,10.0,7226088816738.0,50.0,5.2,,False,True,IPX5,150.0,IPX5,65.0,True,Dual,True,4.3,440.0,
437,437,boAt,"boAt Rockerz 185 | Wireless Neckband with Bluetooth v5.0, 15H Playback, IPX4 water-resistant, 10mm drivers",Neckband,1099.0,1990.0,44.8,2.0,rockerz-185,Standard,Rockerz,2022.0,4.0,2.0,10.0,4478053089378.0,15.0,5.0,,False,False,IPX4,15.0,IPX4,,False,Dual,False,4.9,110.0,
438,438,boAt,"boAt Rockerz 185 Pro | Wireless Neckband with ENx™ Technology, 10mm Drivers, BEAST™ Mode, ASAP™ Charge, Dual Pairing feature",Neckband,1199.0,2490.0,51.8,3.0,rockerz-185-pro-wireless-neckband,Standard,Rockerz,2023.0,5.0,3.0,10.0,6860310544482.0,20.0,5.3,,False,True,IPX4,20.0,IPX4,40.0,True,Dual,True,5.0,150.0,
439,439,boAt,"boAt Rockerz 195 | Equipped with 10mm Titanium Drivers, 15H Nonstop Playback, Fast Charging, Magnetic Earbuds",Neckband,1099.0,1990.0,44.8,2.0,rockerz-195,Standard,Rockerz,2022.0,7.0,2.0,10.0,4482475458658.0,15.0,5.0,,False,False,IPX4,15.0,IPX4,,True,Dual,False,4.8,110.0,
440,440,boAt,"boAt Rockerz 195 V2 Pro | Wireless Earphone with 30 Hours Playback, BEAST™ Mode, 10mm Drivers, Dual Pairing with BT v5.2",Neckband,1429.0,3490.0,61.9,3.0,rockerz-195v2-pro-wireless-earphone,Standard,Rockerz,2023.0,10.0,3.0,10.0,6910265032802.0,30.0,5.2,,False,True,IPX5,30.0,IPX5,60.0,True,Dual,True,4.9,180.0,
441,441,boAt,"boAt Rockerz 202 | Wireless Neckband with BEAST™ Mode, ENx™ Tech, Dual Pairing & 20H Playback",Neckband,1799.0,2790.0,64.2,2.0,rockerz-202-neckband,Standard,Rockerz,2025.0,6.0,2.0,,7371649646690.0,20.0,5.3,,False,True,,10.0,,60.0,True,Dual,True,,,
442,442,boAt,"boAt Rockerz 210 ANC | Wireless Headphone with 30dB Active Noise Cancellation, Cinematic Spatial Audio, Seamless Fast Pairing",Neckband,1799.0,5990.0,73.3,4.0,rockerz-210-anc-headphone,Standard,Rockerz,2024.0,9.0,4.0,15.0,7232450297954.0,40.0,5.3,30.0,True,True,,,,60.0,True,,False,4.7,270.0,
443,443,boAt,"Rockerz 215 | Wireless Earphones with 8 Hours Playback, 10mm drivers, Bluetooth V5.0",Neckband,1199.0,2490.0,51.8,2.0,rockerz-215,Standard,Rockerz,2022.0,8.0,2.0,10.0,4533353218146.0,8.0,5.0,,False,False,IPX4,8.0,IPX4,,False,Single,False,,110.0,
444,444,boAt,"boAt Rockerz 235 Pro | Wireless Bluetooth Neckband with Up To 20 Hours Playback, BEAST™ Mode, ENx™ Technology",Neckband,999.0,1990.0,49.8,3.0,rockerz-235-pro,Standard,Rockerz,2022.0,3.0,3.0,10.0,6680425988194.0,20.0,5.2,,False,True,IPX5,20.0,IPX5,,True,Dual,True,4.9,150.0,
445,445,boAt,"boAt Rockerz 235 V2 | Bluetooth Stereo Wireless Earphone with Up to 8 Hours of Uninterrupted Music, Fast Charging, IPX5 sweat and water resistance",Neckband,1599.0,2990.0,69.9,5.0,rockerz-235-v2,Standard,Rockerz,2022.0,9.0,5.0,10.0,4360477016162.0,8.0,5.0,,False,False,IPX5,8.0,IPX5,,True,,False,,110.0,
446,446,boAt,"boAt Rockerz 235 v2 | Wireless Earphone Made in India with 10mm Driver, Fast Charge Technology & One Press Voice Assistant",Neckband,1199.0,2990.0,59.9,1.0,rockerz-235v2-made-in-india,Standard,Rockerz,2021.0,8.0,1.0,10.0,6583125737570.0,8.0,5.0,,False,False,IPX5,8.0,IPX5,,True,,False,,110.0,
447,447,boAt,"boAt Rockerz 238 | Bluetooth Stereo Wireless Earphone with Up to 8 Hours of Uninterrupted Music, Fast Charging, IPX5 sweat and water resistance",Neckband,1299.0,2990.0,56.6,4.0,rockerz-238,Standard,Rockerz,2022.0,7.0,4.0,10.0,4494693892194.0,8.0,5.0,,False,False,IPX5,8.0,IPX5,,True,,False,,110.0,
448,448,boAt,"boAt Rockerz 245 Pro | Wireless Earphones with 10 min ASAP™ Fast Charge, 20 Hours of nonstop playback & ENx™ Technology",Neckband,1599.0,2499.0,64.0,4.0,rockerz-245-pro-wireless-earphones,Standard,Rockerz,2022.0,9.0,4.0,,6777658540130.0,20.0,5.3,,False,True,IPX4,10.0,IPX4,400.0,True,Dual,True,,100.0,
449,449,boAt,"boAt Rockerz 245 V2 | Wireless Bluetooth Earphone with 12mm Dynamic Audio Drivers, Up to 8 Hours of Uninterrupted Music, Fast Charging",Neckband,999.0,2990.0,66.6,5.0,rockerz-245-v2,Standard,Rockerz,2020.0,9.0,5.0,12.0,4340969504866.0,8.0,5.0,,False,False,IPX5,8.0,IPX5,,True,Dual,False,,110.0,
450,450,boAt,"boAt Rockerz 245 V2 Pro | Wireless Bluetooth Earphones with 30 Hours Playback, 10mm drivers, ENx™️ Technology, BEAST™️ Mode",Neckband,1599.0,3490.0,68.5,3.0,rockerz-245-v2-pro-bluetooth-earphone,Standard,Rockerz,2023.0,8.0,3.0,10.0,6894403190882.0,30.0,5.2,,False,True,,30.0,IPX5,60.0,True,Dual,True,,180.0,
451,451,boAt,"boAt Rockerz 255 | Bluetooth Wireless Earphone with 10 mm Dynamic Drivers, Uninterrupted Music Upto 6 Hours, IPX5 Sweat & Water Resistance, cVc Noise Cancellation",Neckband,999.0,2990.0,66.6,5.0,rockerz-255,Standard,Rockerz,2019.0,10.0,5.0,10.0,2162816352354.0,6.0,5.0,,False,False,IPX5,6.0,IPX5,60.0,False,Dual,False,4.8,110.0,
452,452,boAt,"boAt Rockerz 255 ANC | Wireless Earphone with 100H Playback, ASAP™ Charge, BEAST™️ Mode, Active Noise Cancellation",Neckband,2099.0,6990.0,70.0,3.0,rockerz-255-anc-earphone,Standard,Rockerz,2024.0,2.0,3.0,18.0,6984165654626.0,100.0,5.3,32.0,True,True,,100.0,IPX4,,True,Dual,True,5.0,360.0,
453,453,boAt,"Rockerz 255 ARC | Wireless Bluetooth Neckband with ENx™ Technology, playback for 30 hours nonstop, BEAST™ Mode, Bluetooth v5.2",Neckband,1599.0,2499.0,60.0,3.0,rockerz-255-arc-wireless-bluetooth-neckband,Standard,Rockerz,2022.0,12.0,3.0,10.0,6818882781282.0,30.0,5.2,,False,True,IPX4,30.0,IPX4,60.0,True,Dual,True,,220.0,
454,454,boAt,"boAt Rockerz 255 KKR Edition | Equipped with 10mm Drivers, Limited Edition KKR Design, 6H Nonstop Playback, 110mAh Battery",Neckband,1099.0,2990.0,63.2,1.0,rockerz-255-kkr,Sports,Rockerz,2020.0,9.0,1.0,10.0,4493970571362.0,6.0,4.1,,False,False,IPX5,6.0,IPX5,,False,,False,,110.0,
455,455,boAt,"boAt Rockerz 255 Max | Bluetooth Wireless Neckband with 60HRS playback, Multiple EQ Modes, boAt Signature Sound, ASAP™️ Charge, ENx™️ Technology",Neckband,1299.0,3999.0,67.5,3.0,rockerz-255-max-large-playback-neckband,Standard,Rockerz,2023.0,2.0,3.0,10.0,6845854711906.0,60.0,5.3,,False,True,IPX5,60.0,IPX5,60.0,True,Dual,True,4.2,260.0,
456,456,boAt,"boAt Rockerz 255 Pro | Wireless Neckband with 10mm Drivers, Upto 8H Uninterrupted Music, Ergonomic and comfortable",Neckband,2499.0,3499.0,68.6,5.0,rockerz-255-pro,Standard,Rockerz,2020.0,2.0,5.0,10.0,4360485437538.0,8.0,5.0,,False,False,IPX5,4.0,IPX5,,True,,False,4.8,110.0,
457,457,boAt,"boAt Rockerz 255 Touch | Wireless Earphone with 30H Playback, 10mm Dynamic Graphene Drivers, ENx™ Technology, BEAST™ Mode",Neckband,1399.0,2990.0,53.2,3.0,rockerz-255-touch-long-playback-earphone,Standard,Rockerz,2023.0,5.0,3.0,10.0,6872037392482.0,30.0,5.3,,False,True,IPX5,30.0,IPX5,40.0,True,,True,,200.0,
458,458,boAt,"boAt Rockerz 255 Z plus | Wireless Neckband with 50 Hours Playback, BEAST™ Mode, ASAP™️ Charge, AI ENx™ Technology",Neckband,1299.0,4990.0,74.0,3.0,rockerz-255-z-plus-neckband,Standard,Rockerz,2024.0,7.0,3.0,,7196589621346.0,50.0,5.3,,False,True,,50.0,,65.0,True,Dual,True,,220.0,
459,459,boAt,"boAt Rockerz 255F | True HD Neckband with 10mm Dynamic Driver, Bluetooth 4.1, UpTo 6 Hours Playback, 110mah Battery",Neckband,999.0,2990.0,66.6,4.0,rockerz-255f,Standard,Rockerz,2020.0,7.0,4.0,10.0,4463679963234.0,6.0,4.1,,False,False,IPX5,6.0,IPX5,,False,,False,,110.0,
460,460,boAt,"Rockerz 255R|10mm Drivers,boAt Signature Audio,Voice Assistant",Neckband,869.0,2990.0,70.9,4.0,rockerz-255r,Standard,Rockerz,2022.0,10.0,4.0,10.0,4339212124258.0,6.0,4.1,,False,False,IPX5,6.0,IPX5,,False,,False,,110.0,
461,461,boAt,"boAt Rockerz 258 Pro | Equipped with 10mm Drivers, 6H Nonstop Playback, Fast Charging, cVc noise cancellation",Neckband,1699.0,2990.0,43.2,4.0,rockerz-258-pro,Standard,Rockerz,2022.0,7.0,4.0,10.0,4494709686370.0,6.0,5.0,,False,False,IPX5,1.0,IPX5,,True,,False,5.0,120.0,
462,462,boAt,"boAt Rockerz 260 v1 | Wireless Bluetooth Earphone with Insta Wake & Pair, Beast Mode for Gamers & Asap Charge",Neckband,1199.0,2490.0,51.8,3.0,rockerz-260,Standard,Rockerz,2021.0,12.0,3.0,10.0,6630782042210.0,25.0,5.2,,False,True,IPX4,25.0,IPX4,55.0,True,Dual,True,,180.0,
463,463,boAt,"boAt Rockerz 261 | Wireless Neckband Earphone with 11mm Premium Drivers, Uninterrupted music Upto 8 Hours, IPX7 Water Resistance",Neckband,999.0,4990.0,80.0,2.0,rockerz-261,Standard,Rockerz,2019.0,12.0,2.0,11.0,2219059478626.0,8.0,4.1,,False,False,IPX7,8.0,IPX7,,False,,False,4.8,100.0,
464,464,boAt,"boAt Rockerz 261 Pro | Wireless Earphone with 15 Hours Playback, ASAP™ Charge, 14.8mm Drivers, Bluetooth v5.3, ENx™ Tech (Perfect for Outdoor Sports)",Neckband,1199.0,5999.0,70.0,2.0,rockerz-261-pro,Standard,Rockerz,2024.0,7.0,2.0,14.8,7199320047714.0,15.0,5.3,,False,True,,15.0,,,True,,False,,120.0,
465,465,boAt,Rockerz 265 V2,Neckband,1199.0,2990.0,59.9,3.0,rockerz-265-v2,Standard,Rockerz,2022.0,8.0,3.0,10.0,4510747426914.0,10.0,5.0,,False,False,IPX5,10.0,IPX5,,False,,False,,200.0,
466,466,boAt,"boAt Rockerz 275 V2 | Wireless Neckband with 8H Playback, IPX5 water resistance, cVc technology, Fast Charging",Neckband,1899.0,2990.0,36.5,4.0,rockerz-275-v2,Standard,Rockerz,2022.0,8.0,4.0,10.0,4348001648738.0,8.0,5.0,,False,False,IPX5,5.0,IPX5,,True,,False,,150.0,
467,467,boAt,"boAt Rockerz 330 | Bluetooth Earphone with Upto 30 Hours Nonstop Audio Bliss, Peerless Metallic Control Panel",Neckband,1499.0,2990.0,49.9,6.0,rockerz-330,Standard,Rockerz,2022.0,12.0,6.0,10.0,6556130738274.0,30.0,5.0,,False,False,IPX5,30.0,IPX5,,True,,False,,150.0,
468,468,boAt,"Rockerz 330 ANC | Best Neckband with 13mm Drivers, DIRAC Opteo™, Active Noise Cancelling and ENx™ Technology, 24 Hours Playtime",Neckband,1694.0,5999.0,71.8,3.0,rockerz-330-anc-noise-cancelling-earphones,Standard,Rockerz,2022.0,7.0,3.0,13.0,6732952895586.0,24.0,5.3,30.0,True,True,IPX4,24.0,IPX4,,True,,False,,220.0,
469,469,boAt,"boAt Rockerz 333 | Bluetooth Earphone with Upto 30 Hours Uninterrupted Music, ASAP™ Charging with Dual Pairing",Neckband,999.0,2490.0,59.9,4.0,rockerz-333,Standard,Rockerz,2026.0,1.0,4.0,10.0,6575561310306.0,30.0,5.2,,False,False,IPX5,30.0,IPX5,,True,Dual,False,,150.0,
470,470,boAt,"Rockerz 333 ANC | Bluetooth Neckband with 13mm Drivers, DIRAC OpteoTM, Active Noise Cancelling and ENx™ Technology, 20 Hours Playtime",Neckband,1599.0,5999.0,73.5,3.0,rockerz-333-anc-wireless-neckband-with-noise-cancelling-feature,Standard,Rockerz,2022.0,7.0,3.0,13.0,6732926091362.0,24.0,5.3,25.0,True,True,IPX4,20.0,IPX4,,True,,False,,220.0,
471,471,boAt,"boAt Rockerz 333 Pro | Wireless Earphone with Non-Stop Music Upto 60 Hours, Asap Charge, IPX5 Water Resistance",Neckband,1199.0,2990.0,59.9,6.0,rockerz-333-pro,Standard,Rockerz,2021.0,12.0,6.0,10.0,6628146348130.0,60.0,5.2,,False,True,IPX5,60.0,IPX5,,True,,False,,150.0,
472,472,boAt,boAt Rockerz 335,Neckband,1399.0,3990.0,64.9,5.0,rockerz-335,Standard,Rockerz,2023.0,3.0,5.0,10.0,4493520928866.0,20.0,5.0,,False,False,IPX5,10.0,IPX5,,True,,False,,150.0,
473,473,boAt,"boAt Rockerz 338 | Wireless Earphone with 30 Hours Playback, ASAP™ Charging with Dual Pairing, Bluetooth v5.0",Neckband,1799.0,3990.0,54.9,5.0,rockerz-338-wireless-earphone,Standard,Rockerz,2022.0,7.0,5.0,10.0,6748411625570.0,30.0,5.0,,False,True,IPX5,30.0,IPX5,,True,Dual,False,,150.0,
474,474,boAt,"boAt Rockerz 370 | Wireless Headphone with 40mm Dynamic Driver, Bluetooth & AUX Connectivity, Upto 8HRS Playback",Headphones,1199.0,2499.0,52.0,3.0,rockerz-370,Standard,Rockerz,2020.0,3.0,3.0,40.0,4369339154530.0,8.0,5.0,,False,False,,8.0,,,False,,False,4.8,300.0,
475,475,boAt,"boAt Rockerz 375 | Wireless Earphone with 10mm Driver in both Ears, Upto 20Hrs Playback, BEAST™ Mode with 3D Spatial Sound, boAt Signature Sound",Neckband,999.0,3990.0,75.0,4.0,rockerz-375,Standard,Rockerz,2021.0,9.0,4.0,10.0,6578196775010.0,20.0,5.1,,False,False,,20.0,,65.0,False,,True,,200.0,
476,476,boAt,boAt Rockerz 385 V2,Neckband,2099.0,4990.0,57.9,1.0,rockerz-385-v2,Standard,Rockerz,2022.0,9.0,1.0,10.0,4510745296994.0,40.0,5.0,,False,False,IPX6,40.0,IPX6,,True,,False,,300.0,
477,477,boAt,"boAt Rockerz 390 V2 | Wireless Headphones with 12H Playback, Bluetooth V4.2, 40mm audio drivers, 300mAh Lithium Battery",Headphones,1199.0,2990.0,59.9,1.0,rockerz-390-v2,Standard,Rockerz,2022.0,9.0,1.0,40.0,4353784873058.0,12.0,4.2,,False,False,,12.0,,,False,,False,,300.0,
478,478,boAt,"boAt Rockerz 400 | Wireless Bluetooth Headphone with 40mm Dyanmic Drivers, 8 Hours Non-Stop Playback, Lightweight & Portable",Headphones,1399.0,2990.0,53.2,4.0,rockerz-400,Standard,Rockerz,2020.0,2.0,4.0,40.0,2220750307426.0,8.0,5.0,,False,False,,8.0,,,False,,False,4.8,300.0,
479,479,boAt,"boAt Rockerz 400 Pro | Wireless Earphone with 30 Hours Playback, Voice Assistant, boAt Signature Sound, BEAST™️ Mode",Headphones,1499.0,2499.0,40.0,3.0,rockerz-400-pro-earphone,Standard,Rockerz,2024.0,7.0,3.0,,7204662214754.0,30.0,5.3,,False,False,,30.0,,,True,,True,,,
480,480,boAt,"boAt Rockerz 410 | Bluetooth Headphone for Work from Home, 8 Hours Playback, 40mm Dynamic Drivers, Super Extra Bass",Headphones,1499.0,2990.0,49.9,4.0,rockerz-410,Standard,Rockerz,2022.0,10.0,4.0,40.0,4335226191970.0,8.0,5.0,,False,False,,8.0,,,False,,False,,300.0,
481,481,boAt,"boAt Rockerz 411 | Wireless Headphones with 40mm Drivers, BEAST™ Mode, ENx™ Tech & 40H Playback",Headphone,1499.0,2999.0,50.0,2.0,rockerz-411-wireless-headphones,Standard,Rockerz,2025.0,7.0,2.0,40.0,7387359805538.0,40.0,5.4,,False,True,,40.0,IPX4,40.0,True,,True,,430.0,
482,482,boAt,"boAt Rockerz 425 | Wireless Bluetooth Headphone with 25 Hours Playback, ASAP Charge, 40mm Drivers",Headphones,1699.0,2990.0,43.2,7.0,rockerz-425-wireless-bluetooth-headphone,Standard,Rockerz,2022.0,2.0,7.0,40.0,6660284252258.0,25.0,5.2,,False,True,,25.0,IPX5,50.0,True,Dual,True,,500.0,
483,483,boAt,"boAt Rockerz 430 | Wireless Headphone with ENx™ Tech, 40 HRS Playback,  BEAST™ Mode, Type-C Interface, Bluetooth v5.4",Headphones,1099.0,2490.0,55.9,4.0,rockerz-430-headphone,Standard,Rockerz,2025.0,12.0,4.0,40.0,7247744139362.0,40.0,5.4,,False,True,,40.0,,40.0,True,,True,,300.0,
484,484,boAt,"Rockerz 450 | Over Ear Bluetooth Headphones with Upto 15 Hours Playback, Adaptive Headband, 40mm Dynamic Driver, 300 mah Battery",Headphones,1699.0,3990.0,57.4,3.0,rockerz-450,Standard,Rockerz,2023.0,8.0,3.0,40.0,2222936031330.0,15.0,4.2,,False,False,,15.0,,,False,,False,,300.0,
485,485,boAt,"boAt Rockerz 450 Batman DC Edition | Bluetooth Wireless Headphone with 40 mm Drivers HD Immersive Audio, Power Up For 15HRS",Headphones,1799.0,3990.0,54.9,1.0,rockerz-450-batman-edition,Franchise,Rockerz,2022.0,6.0,1.0,40.0,6723125477474.0,15.0,4.2,,False,False,,15.0,,,False,,False,,300.0,
486,486,boAt,"boAt Rockerz 450 DC Edition | Wireless Bluetooth Headphone with 40mm Dynamic Drivers, Upto 15 Hours Playback, Adaptive Headband",Headphones,999.0,3990.0,75.0,3.0,rockerz-450-dc-edition-wireless-headphone,Franchise,Rockerz,2022.0,6.0,3.0,40.0,6723042836578.0,15.0,4.2,,False,False,,15.0,,,False,,False,,300.0,
487,487,boAt,"boAt Rockerz 450 Iron Man | Bluetooth Headphones with 15 Hours Playback, 40mm Audio Drivers, Voice Assistant, Dual Connectivity",Headphones,1799.0,3990.0,54.9,1.0,rockerz-450-iron-man-bluetooth-headphone,Standard,Rockerz,2021.0,12.0,1.0,40.0,6632406810722.0,15.0,5.3,,False,False,,15.0,,,False,Dual,False,,300.0,
488,488,boAt,"boAt Rockerz 450 Pro | Wireless Headphone with 40mm Massive Drivers, Mountainous Playback Upto 70 Hours, Asap Charge",Headphones,1799.0,3990.0,54.9,4.0,rockerz-450-pro,Standard,Rockerz,2025.0,4.0,4.0,40.0,6542542405730.0,70.0,5.0,,False,False,IPX7,70.0,IPX7,,True,,False,,750.0,
489,489,boAt,"boAt Rockerz 450 Superman DC Edition | Wireless Bluetooth Headphone with 40mm Dynamic Drivers, Upto 15 Hours Playback, Adaptive Headband",Headphones,999.0,3990.0,75.0,1.0,rockerz-450-superman-edition,Franchise,Rockerz,2022.0,6.0,1.0,40.0,6723125444706.0,15.0,4.2,,False,False,,15.0,,,False,,False,,300.0,
490,490,boAt,"boAt Rockerz 450 Wonder Woman DC Edition | Wireless Bluetooth Headphone with 40mm Dynamic Drivers, Upto 15 Hours Playback, Adaptive Headband",Headphones,999.0,3990.0,75.0,1.0,rockerz-450-wonder-woman-dc-edition,Franchise,Rockerz,2022.0,6.0,1.0,40.0,6723126034530.0,15.0,4.2,,False,False,,15.0,,,False,,False,,300.0,
491,491,boAt,"boAt Rockerz 450R | Wireless Bluetooth Headphones with 15 Hours Playback, HD Immersive Audio, 40mm Dynamic Driver",Headphones,1599.0,3990.0,59.9,3.0,rockerz-450r-wireless-bluetooth-headphone,Standard,Rockerz,2022.0,7.0,3.0,40.0,6748412936290.0,15.0,4.2,,False,False,,15.0,,,False,,False,,300.0,
492,492,boAt,"boAt Rockerz 480 | Wireless Headphone with BEAST™ Mode, Blazing RGB Lights with 6 Modes, 40mm Drivers, Bluetooth v5.3",Headphones,1799.0,3790.0,52.5,2.0,rockerz-480-wireless-headphone,Standard,Rockerz,2024.0,12.0,2.0,40.0,7247731392610.0,8.0,5.3,,False,False,,,,40.0,True,,True,,400.0,
493,493,boAt,"boAt Rockerz 510 | Bluetooth Headphone with super extra bass, Upto 20 Hours Playback, 50mm Dynamic Driver, 400 mah Battery",Headphones,1599.0,3990.0,59.9,4.0,rockerz-510,Standard,Rockerz,2019.0,10.0,4.0,50.0,2162924290146.0,20.0,4.1,,False,False,,20.0,,,False,,False,,400.0,
494,494,boAt,"boAt Rockerz 518 | Wireless Headphone with Dynamic 50mm Driver, Up To 20 Hours Of Playtime, Easy Control & Lightweight",Headphones,1599.0,3990.0,59.9,4.0,rockerz-518,Standard,Rockerz,2022.0,6.0,4.0,50.0,4339216646242.0,20.0,4.1,,False,False,,20.0,,,False,,False,,400.0,
495,495,boAt,"boAt Rockerz 550 | Over Ear Bluetooth Headphones with Upto 20H Playback, 50mm Dynamic Driver, 500mAh Battery",Headphones,1599.0,4999.0,68.0,5.0,rockerz-550,Standard,Rockerz,2020.0,8.0,5.0,50.0,4369358422114.0,20.0,5.0,,False,False,IPX5,20.0,IPX5,,False,,False,,500.0,
496,496,boAt,"boAt Rockerz 551ANC | Noise Cancelling Wireless Headphone, Upto 100 Hours Playback, 40mm Driver, ENx™ Technology, Custom-tuned EQ Mode",Headphones,3099.0,7990.0,61.2,2.0,rockerz-551-anc-noise-cancelling-headphone,Standard,Rockerz,2026.0,1.0,2.0,40.0,6860952666210.0,50.0,5.3,35.0,True,True,,100.0,,,True,,False,,500.0,
497,497,boAt,"boAt Rockerz 551 ANC Pro | Wireless Headphone with 42dB Hybrid Adaptive ANC, 72 Hours Playtime, Dual Mics with ENx™ Tech",Headphones,3799.0,8990.0,57.7,3.0,rockerz-551-anc-pro-wireless-headphone,Standard,Rockerz,2025.0,1.0,3.0,40.0,7289568624738.0,72.0,5.4,42.0,True,True,,72.0,IPX5,65.0,True,,False,,500.0,
498,498,boAt,"boAt Rockerz 558 Sunburn Edition | Wireless Headphone with 20 Hours Playback, 50mm Dynamic Drivers, Physical Noise Isolation",Headphones,2099.0,4999.0,58.0,3.0,rockerz-558-sunburn-edition-wireless-headphone,Collaboration,Rockerz,2022.0,9.0,3.0,50.0,6772831256674.0,20.0,5.0,,False,False,IPX5,20.0,IPX5,,False,,False,,500.0,
499,499,boAt,"boAt Rockerz 558 | Wireless Headphone with 20 Hours Playback, Physical Noise Isolation, 50mm Dynamic Drivers",Headphones,1599.0,4999.0,68.0,5.0,rockerz-558-wireless-headphone,Standard,Rockerz,2021.0,8.0,5.0,50.0,6586550681698.0,20.0,5.0,,False,False,IPX5,20.0,IPX5,,False,,False,,500.0,
500,500,boAt,"boAt Rockerz 560 | Wireless Headphone with 40mm Dynamic Drivers, 15Hour Non-Stop Music, Ergonomically Designed Over-Ear Headphone Immersive Audio",Headphones,1999.0,3990.0,49.9,2.0,rockerz-560,Standard,Rockerz,2022.0,6.0,2.0,40.0,4377075155042.0,15.0,5.0,,False,False,,15.0,,,False,,False,,400.0,
501,501,boAt,"boAt Rockerz 600 | Bluetooth Headphone with 40mm Dynamic Driver, 8 Hours Playback, Easy Tap Controls, 300mah Battery",Headphones,1299.0,3990.0,67.4,2.0,rockerz-600,Standard,Rockerz,2019.0,9.0,2.0,40.0,2162862293090.0,8.0,4.1,,False,False,,8.0,,,False,,False,,300.0,
502,502,boAt,"boAt Rockerz 600 KKR Edition | Wireless Headphone with Bluetooth v4.1, 8H Playback, 40mm drivers, 300mAh battery",Headphones,2499.0,4990.0,49.9,1.0,rockerz-600-kkr-edition,Sports,Rockerz,2020.0,8.0,1.0,40.0,4485817729122.0,8.0,4.1,,False,False,,8.0,,,False,,False,,300.0,
503,503,boAt,"boAt Rockerz 610 | Wireless Headphone with Bluetooth v4.1, 8H Playback, 40mm Drivers, 300mAh Battery",Headphones,1999.0,3990.0,49.9,2.0,rockerz-610,Standard,Rockerz,2022.0,10.0,2.0,40.0,4339228278882.0,8.0,4.1,,False,False,,8.0,,,False,,False,,300.0,
504,504,boAt,"boAt Rockerz 650 Pro | Wireless Headphone with 80 Hours Playback, Dolby Audio, Touch & Swipe Controls",Headphones,3099.0,8990.0,65.5,4.0,rockerz-650-pro,Standard,Rockerz,2025.0,3.0,4.0,40.0,7308365594722.0,80.0,5.3,,False,False,,80.0,IPX4,60.0,True,Dual,False,,500.0,
505,505,boAt,"boAt Rockerz 650 | Wireless Headphone with 60 Hours Playback, ASAP charge, boAt Signature Sound, Dual Pairing",Headphones,1999.0,3990.0,49.9,3.0,rockerz-650-wireless-headphone,Standard,Rockerz,2021.0,6.0,3.0,40.0,4538629226594.0,60.0,5.3,,False,False,,60.0,IPX4,,True,Dual,False,,1000.0,
506,506,boAt,"boAt Rockerz 660 | Wireless Headphone with 60H Playback, DUAL EQ Modes, Bluetooth v5.0, Type C Charging",Headphones,1899.0,3990.0,52.4,3.0,rockerz-660,Standard,Rockerz,2021.0,11.0,3.0,,6596289855586.0,60.0,5.0,,False,False,IPX5,8.0,IPX5,,True,Dual,False,,1000.0,
507,507,boAt,"boAt Rockerz 80 Pro | Wireless Neckband with 80H Playback, Dual Pairing, BEAST™ Mode, ENx™ Technology",Neckband,1599.0,3990.0,59.9,3.0,rockerz-80-pro-wireless-bluetooth-neckband,Standard,Rockerz,2023.0,8.0,3.0,10.0,6892803850338.0,80.0,5.3,,False,True,IPX4,80.0,IPX4,60.0,True,Dual,True,,440.0,
508,508,boAt,"boAt Rockerz Bliss | Wireless Neckband with 30 Hours Playback, ASAP™ Charge, BEAST™ Mode, ENx™ Technology, Spatial Bionic Sound",Neckband,1399.0,3990.0,64.9,3.0,rockerz-bliss-wireless-neckband,Standard,Rockerz,2023.0,7.0,3.0,10.0,6884761534562.0,30.0,5.3,,False,True,IPX4,30.0,IPX4,40.0,True,,True,,220.0,
509,509,boAt,"boAt Rockerz Bold | Wireless Neckband with 30H Playback, 10mm drivers & BEAST™ Mode with 60ms Latency",Neckband,899.0,3490.0,74.2,2.0,rockerz-bold-wireless-neckband,Standard,Rockerz,2026.0,2.0,2.0,10.0,7501690404962.0,30.0,5.3,,False,False,,30.0,IPX5,60.0,False,,True,,200.0,
510,510,boAt,"boAt Rockerz Enticer | Wireless Earphone with 30HRS Large Playback, BEAST™️ Mode, ENx™ Technology, Quick Switch Button",Neckband,1199.0,2990.0,59.9,3.0,rockerz-enticer-wireless-earphone,Standard,Rockerz,2023.0,5.0,3.0,10.0,6868192854114.0,30.0,5.2,,False,True,IPX4,30.0,IPX4,60.0,True,Dual,True,,220.0,
511,511,boAt,"boAt Rockerz Plus 550 ANC | Wireless Headphones with 80H Playback, 40dB Hybrid ANC & boAt Signature Sound",Headphones,3299.0,7990.0,58.7,3.0,rockerz-plus-550-anc,Standard,Rockerz,2025.0,12.0,3.0,,7455958171746.0,80.0,5.4,40.0,True,True,,80.0,IPX4,40.0,False,,True,,800.0,
512,512,boAt,"boAt Rockerz Prime 255Z | Wireless Neckband with 50 Hours Playback, Spatial Audio, AI ENx™ Tech, Dual EQs & BEAST™ Mode",Neckband,1199.0,2990.0,59.9,2.0,rockerz-prime-255z-wireless-neckband,Standard,Rockerz,2025.0,8.0,2.0,,7401383166050.0,50.0,5.3,,False,True,,50.0,IPX4,65.0,True,,True,,,
513,513,boAt,"boAt Rockerz Trendz | Wireless Headphones with 50 Hours Playback, BEAST™ Mode & ENx™ Calling",Headphones,2499.0,2999.0,16.7,3.0,rockerz-trendz-wireless-headphones,Standard,Rockerz,2026.0,2.0,3.0,,7514161315938.0,50.0,5.3,,False,True,,50.0,IPX5,60.0,False,,True,,400.0,
514,514,boAt,"boAt Rockerz Trinity Gen 2 | Wireless Neckband with 150 Hours Playback, AI ENx™ Tech, Dual EQs & BEAST™ Mode",Neckband,1499.0,3290.0,54.4,2.0,rockerz-trinity-gen-2-wireless-neckband,Standard,Rockerz,2025.0,8.0,2.0,,7401471639650.0,150.0,5.3,,False,True,,150.0,,65.0,False,Dual,True,,,
515,515,boAt,"boAt Rockerz Trinity | Wireless Neckband Earphones with Crystal Bionic Sound powered by HiFi®️ DSP, 10mm Drivers, Upto 150 Hours Playback, ASAP™️ Charge, ENx™️ Technology",Neckband,1499.0,3990.0,62.4,3.0,rockerz-trinity-wireless-neckband,Standard,Rockerz,2023.0,2.0,3.0,10.0,6844038119522.0,50.0,5.3,,False,True,IPX5,150.0,IPX5,65.0,True,Dual,True,,440.0,
516,516,boAt,"boAt Rockid Rush | Kids Wireless Bluetooth Headphone with 10Hours Playback, 30mm drivers, 85 dB Loudness Limit",Headphones,1499.0,2499.0,40.0,2.0,rockid-rush-kids-bluetooth-headphone,Standard,Rockid Rush,2023.0,8.0,2.0,30.0,6893171310690.0,10.0,5.3,,False,False,,10.0,,,False,,False,,300.0,
517,517,Noise,Noise Buds VS102 Truly Wireless Earbuds - Deal,True Wireless Earbuds,1099.0,2999.0,63.4,4.0,vs-102-truly-wireless-earbuds,Standard,Buds,2026.0,8.0,4.0,11.0,7725749764183.0,3.5,5.1,,False,True,IPX5,16.0,IPX5,,True,,False,,400.0,
